0839000486,30058122,8/17/2020,1.0,0.2,1.4,0.2,1.2,0.2,1.8,1.6,1.8,1.0,1.0,1.0,1.2,1.0,1.0,1.0,0.2,0.0,0.8,1.6,2.2,2.2,2.2,2.2,2.2,2.2,3.8,2.0,2.2,2.0,2.0,2.0,2.2,2.0,2.0,2.6,2.0,2.0,1.8,1.8,1.8,0.6,2.0,0.8,2.0,1.2,2.0,2.4
0839000486,30058122,8/16/2020,0.2,0.2,0.0,0.0,0.2,0.2,0.0,0.8,0.8,0.0,0.0,0.2,0.2,0.0,0.0,0.2,0.6,0.2,0.2,0.2,0.6,2.0,2.0,3.6,1.0,1.6,0.4,1.6,0.4,1.2,0.8,2.2,1.6,0.6,1.6,0.0,1.6,1.0,2.0,2.2,2.0,1.2,1.0,0.6,0.8,0.4,1.0,0.4
0839000486,30058122,8/15/2020,3.0,3.0,3.0,3.0,2.8,2.8,3.0,2.6,2.2,2.0,2.0,2.0,2.0,2.2,2.0,0.6,0.2,0.6,2.4,1.2,2.2,3.2,2.8,2.2,2.2,2.0,2.2,2.2,2.2,2.0,2.2,2.2,3.2,2.0,2.6,2.0,1.2,0.2,0.0,0.0,0.2,0.2,0.0,0.8,0.2,0.2,0.6,0.0
0839000486,30058122,8/14/2020,3.0,1.8,3.0,2.8,2.8,2.0,1.6,2.2,2.2,1.8,1.2,2.0,2.2,2.2,2.0,0.8,0.2,0.2,0.6,1.2,0.8,1.2,1.2,1.4,1.4,1.8,1.6,3.2,2.4,1.6,2.4,0.6,0.4,1.2,1.8,2.0,3.0,2.2,2.6,2.2,2.2,2.2,3.4,3.0,3.0,2.8,3.0,3.0
0839000486,30058122,8/13/2020,2.0,2.0,2.0,2.0,2.0,2.0,2.0,2.0,2.8,2.8,2.8,3.4,2.8,3.0,2.8,2.8,2.8,2.2,2.0,2.0,1.8,1.6,2.0,1.6,2.0,2.0,2.0,2.0,2.2,2.2,2.0,2.2,2.4,3.0,2.2,2.8,3.2,2.2,2.4,2.2,2.0,2.0,2.0,2.0,2.6,3.0,3.0,3.4
0839000486,30058122,8/12/2020,1.4,0.4,2.0,0.6,1.8,1.0,0.8,1.6,0.4,1.2,1.2,0.6,1.2,0.2,1.6,0.0,3.4,3.2,4.4,7.0,4.4,2.2,2.4,3.2,2.2,2.4,2.4,3.2,2.2,2.4,2.6,2.6,2.8,2.4,2.2,2.2,2.2,2.4,2.8,2.0,2.0,2.0,2.6,2.0,2.0,2.0,2.0,2.0
0839000486,30058122,8/11/2020,2.8,2.2,2.0,2.0,2.0,2.2,2.2,2.6,2.0,2.2,1.8,0.6,0.0,1.6,3.0,2.0,2.0,2.2,2.2,2.2,2.2,2.2,2.2,2.4,2.8,2.4,2.4,2.6,2.6,2.4,2.6,2.6,2.6,2.4,2.4,2.4,2.6,3.2,1.6,0.2,0.2,0.0,0.4,2.2,0.6,1.2,1.0,1.0
0839000486,30058122,8/10/2020,2.0,2.0,2.0,2.2,2.0,2.0,2.6,2.0,2.2,2.0,2.0,2.0,2.0,2.2,2.0,2.0,3.6,2.0,2.8,2.0,2.2,2.2,2.2,2.2,2.2,2.2,2.2,2.2,2.2,3.0,2.8,4.2,3.8,3.8,2.2,3.2,2.2,2.2,2.2,2.2,2.8,2.4,3.0,3.0,3.0,3.0,3.0,2.8
0839000486,30058122,8/9/2020,2.0,2.2,2.0,2.0,2.0,2.0,2.0,2.0,2.8,2.0,2.0,2.4,1.0,2.0,1.0,1.0,1.0,1.2,1.0,0.6,0.2,0.2,0.8,1.6,2.4,2.6,3.8,2.6,2.4,2.2,2.2,2.2,2.2,2.2,2.4,2.2,2.2,2.4,2.8,3.0,3.0,2.2,2.2,2.0,2.0,2.0,2.2,2.2
0839000486,30058122,8/8/2020,1.6,0.2,1.8,0.8,1.6,1.0,0.8,1.6,0.2,1.4,0.6,1.2,0.6,0.8,0.2,0.0,0.0,0.2,0.2,0.8,0.2,0.2,0.0,0.0,2.0,2.0,2.0,5.6,5.6,2.8,2.2,2.8,2.2,0.4,0.0,0.0,0.0,2.0,2.2,2.0,2.0,2.2,2.0,2.4,2.6,2.0,2.0,2.0
0839000486,30058122,8/7/2020,0.2,0.2,0.2,0.2,0.2,0.2,0.2,0.2,0.2,0.8,0.2,0.2,0.4,0.2,0.2,0.2,0.2,0.6,1.0,1.0,1.8,2.0,2.2,2.2,2.0,2.2,1.2,2.0,1.2,2.0,2.2,2.8,0.8,2.2,0.8,2.2,1.0,1.8,0.6,2.2,2.0,2.0,0.6,1.8,0.8,1.0,1.2,0.8
0839000486,30058122,8/6/2020,0.2,0.2,0.2,0.2,0.2,0.2,0.2,0.2,0.2,0.2,0.2,0.2,1.0,0.2,3.0,2.6,1.8,2.0,1.2,1.6,0.6,2.0,0.8,2.2,0.4,2.0,0.6,1.6,1.2,2.2,2.8,2.0,2.0,2.0,3.0,2.0,1.6,0.0,0.2,0.2,0.6,0.0,0.2,0.2,0.0,0.2,0.2,0.2
0839000486,30058122,8/5/2020,2.4,1.0,1.4,0.0,1.2,0.2,1.4,0.0,1.2,0.2,1.2,0.0,0.8,0.6,0.8,1.2,0.2,1.4,3.4,2.2,3.6,2.2,1.4,1.2,2.0,0.2,1.6,0.8,1.2,1.6,0.8,1.8,0.6,2.2,2.8,2.4,2.8,2.2,2.2,2.0,2.0,2.2,0.4,0.0,0.2,0.2,0.0,0.0
0839000486,30058122,8/4/2020,0.8,1.8,0.8,1.4,1.4,0.4,1.2,0.4,1.4,0.4,1.0,0.6,1.2,1.2,1.8,1.2,1.2,0.4,1.2,2.8,2.2,0.8,3.4,0.6,1.8,0.4,1.4,0.8,2.0,2.0,2.2,1.2,1.6,1.0,1.2,1.4,1.2,1.8,0.6,1.4,0.6,1.2,1.0,2.2,2.0,1.4,2.4,1.2
0839000486,30058122,8/3/2020,2.4,2.4,2.2,2.2,2.2,2.4,2.2,2.2,2.2,2.8,0.4,0.2,0.2,0.2,0.2,0.4,1.6,0.6,1.6,0.8,1.6,1.4,1.0,2.0,2.0,2.4,0.6,2.0,2.6,3.0,1.8,1.8,1.2,1.2,1.4,1.2,2.6,0.4,1.6,1.4,1.6,1.0,1.2,1.2,2.0,1.8,0.4,1.6
0839000486,30058122,8/2/2020,2.8,2.2,2.2,2.2,2.2,2.2,2.2,2.2,2.2,2.2,2.2,2.6,2.0,2.2,0.6,2.4,1.4,0.4,0.2,0.2,0.8,1.2,0.8,1.2,1.0,2.0,1.8,1.4,1.4,1.6,2.6,1.4,2.0,2.4,0.8,0.2,3.0,3.0,2.4,2.4,2.4,3.0,2.4,2.4,3.0,3.0,2.4,2.2
0839000486,30058122,8/1/2020,1.6,2.2,1.4,2.4,0.8,2.4,1.6,1.6,1.0,1.8,1.4,1.2,1.4,0.8,0.2,0.2,0.2,0.8,0.6,0.4,0.2,0.0,1.0,0.2,0.8,1.6,4.0,2.4,3.0,2.2,3.0,2.2,2.2,2.2,3.0,2.8,2.2,2.2,2.2,2.4,2.4,2.2,2.2,3.0,2.8,2.2,2.2,2.2
0839000486,30058122,7/31/2020,2.0,2.0,2.0,2.0,2.2,2.0,2.0,2.0,2.0,2.0,3.0,3.6,3.0,4.2,3.4,3.0,3.6,3.8,2.0,2.0,2.0,2.0,2.0,2.0,2.0,2.0,2.6,1.4,2.0,0.4,0.2,0.2,0.2,0.2,1.0,0.2,1.8,0.6,0.2,1.0,0.4,1.8,2.2,2.2,2.8,2.8,2.2,2.0
0839000486,30058122,7/30/2020,2.2,2.2,2.8,2.2,2.2,2.6,2.2,2.2,2.2,2.2,2.2,2.2,2.2,3.0,2.0,2.0,2.2,3.4,2.2,2.4,2.4,2.4,2.4,2.4,2.4,2.4,3.0,2.4,2.4,2.4,3.4,2.8,2.6,3.0,3.0,3.0,3.6,4.0,3.6,2.8,2.2,2.6,2.0,2.2,2.6,2.6,2.0,2.2
0839000486,30058122,7/29/2020,2.2,2.2,2.0,2.0,2.0,2.2,3.2,3.0,3.6,3.8,3.2,3.0,2.8,2.6,2.0,2.0,2.2,2.2,2.2,2.8,2.2,2.2,2.4,2.4,2.4,2.4,2.8,2.4,2.4,2.2,2.4,4.8,4.8,4.0,4.4,2.4,2.4,2.2,2.2,2.2,2.2,2.2,2.8,2.2,2.8,3.2,2.2,2.2
0839000486,30058122,7/28/2020,2.2,2.2,2.4,2.2,2.2,2.6,2.2,2.2,2.0,2.0,2.2,2.8,2.2,3.0,2.2,2.2,2.8,3.4,2.2,2.2,2.4,2.4,2.4,2.4,2.4,2.4,3.4,2.2,2.4,2.4,2.4,2.8,2.4,2.2,4.4,4.2,3.6,2.2,2.2,2.4,2.6,2.8,2.2,2.2,2.8,2.2,2.4,2.4
0839000486,30058122,7/27/2020,2.2,2.2,2.4,2.2,2.2,2.2,2.2,2.2,2.2,2.2,2.6,2.0,2.2,2.2,2.0,2.2,2.8,2.2,2.4,2.2,3.4,2.4,2.4,2.4,2.4,2.4,2.4,2.4,2.2,2.2,3.2,2.4,2.4,2.6,4.0,3.2,2.4,2.4,2.2,2.4,2.4,2.2,2.2,2.4,2.8,3.0,2.2,2.2
0839000486,30058122,7/26/2020,2.2,2.2,3.2,2.2,2.0,2.0,2.0,2.2,2.0,2.0,2.0,2.0,2.2,1.2,0.2,0.8,1.2,2.0,3.6,2.2,2.2,2.4,2.4,2.4,2.4,2.4,3.6,2.4,2.4,2.2,2.4,2.4,2.4,2.8,3.2,2.6,2.4,2.4,2.2,2.2,2.4,3.0,2.4,2.4,2.8,2.4,2.4,2.8
0839000486,30058122,7/25/2020,2.6,2.8,2.0,2.0,2.0,2.2,2.2,1.2,1.8,2.2,1.2,2.6,3.2,3.0,2.8,2.0,2.0,2.2,2.2,2.2,2.2,2.2,2.2,3.0,2.2,2.2,2.6,2.2,2.2,2.2,2.2,3.6,4.2,3.2,3.4,2.8,2.2,3.4,2.2,2.2,2.4,2.2,2.8,2.2,2.8,2.4,2.2,2.2
0839000486,30058122,7/24/2020,1.0,2.0,1.0,2.2,1.2,1.8,2.2,1.8,1.8,1.2,1.8,1.2,2.2,0.8,2.6,1.8,3.6,3.0,3.0,3.0,3.0,2.8,4.6,2.4,4.0,3.2,4.0,2.4,2.4,2.2,2.8,2.2,3.0,2.2,3.6,5.0,2.8,2.8,2.2,3.6,2.2,2.2,2.2,2.0,3.2,2.2,2.2,2.2
0839000486,30058122,7/23/2020,2.0,2.4,2.6,2.4,2.8,2.0,2.8,2.0,3.0,1.2,2.0,0.6,2.2,0.6,2.0,0.6,2.6,1.2,2.2,1.2,1.8,2.4,1.2,2.0,2.2,2.4,1.6,2.2,3.0,2.4,2.2,3.0,2.4,2.6,4.6,3.0,3.0,2.4,2.8,4.8,2.6,2.2,2.2,3.6,2.0,2.2,2.0,1.6
0839000486,30058122,7/22/2020,2.0,2.2,2.2,2.8,3.2,2.6,2.2,1.6,2.0,2.2,1.0,2.0,1.2,1.6,1.8,1.4,2.2,1.6,2.4,2.4,2.0,2.0,2.2,2.4,3.0,2.4,3.4,2.4,2.6,3.2,2.8,1.8,0.0,0.0,1.6,5.4,2.4,2.0,3.6,2.2,2.0,2.0,2.4,1.2,2.8,2.2,1.0,2.0
0839000486,30058122,7/21/2020,2.6,2.2,2.2,2.0,2.0,2.0,1.8,1.4,2.4,2.4,0.8,2.0,1.0,2.2,2.2,1.6,2.8,2.2,2.4,2.2,2.2,2.2,2.4,2.4,2.4,2.4,3.8,2.4,2.4,2.4,2.4,2.4,2.4,3.0,5.0,4.8,2.6,2.4,2.2,2.8,2.4,2.2,2.2,2.6,2.8,2.8,2.2,2.0
0839000486,30058122,7/20/2020,2.4,3.2,2.8,2.6,2.4,2.4,2.4,2.2,2.2,2.2,2.4,2.4,2.2,2.4,2.4,2.4,2.8,2.4,2.8,2.6,2.4,2.4,2.4,3.4,3.2,2.6,2.4,3.6,2.4,3.4,2.6,4.8,4.0,5.2,3.8,2.8,2.8,2.8,2.2,2.2,2.0,2.2,2.2,2.2,2.8,3.0,2.2,2.2
0839000486,30058122,7/19/2020,2.2,2.2,2.8,2.6,2.2,2.2,2.4,2.8,2.2,2.2,2.2,2.2,2.2,1.0,2.4,2.4,2.4,2.4,3.0,2.4,2.6,2.4,3.6,2.8,2.6,3.0,3.2,2.6,2.6,2.6,2.6,2.6,2.6,3.8,2.8,4.0,2.6,2.4,2.4,2.6,3.2,2.4,2.6,2.6,3.2,3.2,2.6,2.4
0839000486,30058122,7/18/2020,2.2,2.2,2.2,2.2,2.2,2.2,2.2,2.2,2.2,2.0,2.0,2.2,2.0,1.0,2.6,2.4,2.6,1.2,2.2,2.4,2.4,2.4,2.4,2.4,2.4,3.0,3.2,2.6,3.6,2.4,2.4,2.6,2.4,2.4,3.2,2.8,2.4,2.4,2.8,3.0,2.4,2.2,2.2,2.4,2.8,2.6,3.0,2.6
0839000486,30058122,7/17/2020,1.2,1.8,2.2,1.0,2.2,1.8,1.6,2.2,0.8,2.2,1.8,2.0,1.4,1.6,2.6,1.2,2.2,1.6,2.0,2.4,2.2,2.2,2.2,2.4,2.4,1.6,2.4,2.8,3.6,3.4,2.4,2.6,3.4,4.6,3.2,2.4,4.6,2.4,3.4,2.4,2.2,3.0,2.4,2.4,2.8,3.0,2.6,2.2
0839000486,30058122,7/16/2020,1.4,1.6,2.2,0.8,2.2,1.8,1.0,2.0,1.0,2.8,1.0,2.0,1.2,1.8,2.0,1.2,2.2,0.8,3.0,2.2,1.4,4.6,2.8,3.4,4.8,2.4,2.4,3.0,3.0,3.8,3.6,3.2,2.2,2.2,2.4,3.4,2.2,2.2,2.2,2.2,2.4,2.8,2.4,2.2,1.4,3.4,2.2,2.2
0839000486,30058122,7/15/2020,2.2,1.0,4.6,2.6,1.0,2.0,2.0,1.8,1.4,1.4,1.2,1.4,1.2,1.4,0.8,1.8,1.0,2.8,1.6,1.6,2.4,2.4,2.2,1.2,3.6,2.4,2.2,2.2,2.2,1.2,2.2,2.2,2.6,2.4,2.2,3.4,2.2,3.4,2.2,2.2,2.2,2.8,2.2,2.2,2.2,2.8,2.8,2.2
0839000486,30058122,7/14/2020,2.2,2.2,2.2,2.0,3.0,2.0,3.0,1.6,1.2,2.8,1.4,1.2,0.6,0.2,0.2,0.2,0.2,0.2,1.4,0.2,1.2,4.0,2.4,5.0,2.6,2.4,3.2,2.4,3.0,3.6,2.4,2.4,2.4,2.4,2.4,3.2,2.8,2.4,2.4,3.2,2.2,2.6,5.2,2.6,2.6,3.4,2.2,2.2
0839000486,30058122,7/13/2020,2.0,2.2,2.4,2.6,2.0,2.0,1.0,2.6,2.0,0.8,2.0,0.8,2.0,0.8,2.8,2.2,1.2,2.0,0.8,2.2,2.2,2.2,2.2,1.8,1.6,2.4,3.4,2.2,2.4,2.8,3.6,4.4,2.4,7.4,3.6,2.2,3.6,4.6,2.6,2.2,2.2,2.2,2.2,3.0,2.4,2.6,2.2,2.2
0839000486,30058122,7/12/2020,2.6,2.2,2.2,2.2,3.2,2.0,2.2,2.0,2.0,1.0,2.0,1.6,1.4,2.4,1.8,3.0,2.8,3.0,4.0,3.2,2.4,2.4,2.4,2.4,2.4,2.6,2.4,2.4,3.0,3.0,2.4,2.4,2.4,3.4,3.4,2.2,2.4,3.0,3.0,2.2,2.2,2.4,2.6,3.8,4.2,2.8,2.0,2.0
0839000486,30058122,7/11/2020,2.2,3.6,2.4,2.2,2.8,2.2,2.2,2.2,2.2,2.2,2.2,3.0,2.2,2.0,2.0,2.0,2.2,2.2,2.0,2.0,2.8,2.2,2.2,3.0,2.4,2.4,2.4,2.8,2.6,2.4,2.8,2.8,2.4,2.8,3.4,2.2,2.8,4.4,2.2,4.2,2.4,2.2,2.2,2.2,3.0,3.2,2.2,2.2
0839000486,30058122,7/10/2020,2.2,2.2,2.2,2.4,2.4,2.6,2.2,2.2,2.2,2.2,1.0,2.2,2.4,1.8,2.2,1.2,2.2,2.2,1.0,2.4,2.4,2.8,1.2,2.4,2.4,2.4,1.2,3.0,2.4,2.6,3.6,2.6,2.4,3.6,2.8,4.2,2.4,2.6,5.4,3.0,2.6,4.2,3.8,3.2,3.6,3.8,2.6,2.2
0839000486,30058122,7/9/2020,1.6,1.8,0.8,1.6,1.0,1.2,1.6,0.4,1.6,0.4,1.4,0.6,1.6,1.2,1.0,1.2,0.8,1.2,0.8,1.8,0.4,2.0,0.6,1.8,1.0,1.4,1.8,1.4,2.0,1.0,3.2,3.2,1.8,1.8,3.8,2.4,3.0,3.8,2.6,2.4,2.4,2.6,2.4,2.8,3.0,3.0,2.8,2.4
0839000486,30058122,7/8/2020,1.2,1.8,0.4,1.8,1.4,1.0,1.4,0.6,1.4,0.2,1.6,0.2,1.4,0.6,1.2,1.0,1.4,1.4,1.2,2.0,2.0,3.2,1.0,2.4,1.8,2.6,3.0,2.6,1.8,2.8,2.2,1.8,2.6,1.4,2.2,1.2,4.0,1.2,2.0,1.0,2.2,1.8,2.0,1.6,1.4,4.0,2.6,1.4
0839000486,30058122,7/7/2020,3.0,1.0,1.4,1.4,0.6,1.6,0.8,1.4,0.4,1.4,0.2,1.4,0.2,0.8,0.6,0.4,1.2,0.2,1.4,0.4,2.0,1.2,0.8,1.6,1.8,0.2,1.6,0.8,1.2,1.6,0.8,2.2,0.6,2.4,2.8,3.8,1.6,2.2,1.6,1.8,2.2,1.0,3.0,0.8,2.0,3.2,1.8,1.6
0839000486,30058122,7/6/2020,0.8,1.6,1.6,1.2,1.8,0.4,1.8,0.6,1.4,1.0,1.2,1.0,1.4,3.8,0.8,4.8,1.4,3.2,1.2,1.2,2.6,0.8,2.4,0.6,2.0,1.4,3.4,2.0,1.6,2.0,2.4,1.4,2.6,1.2,4.8,2.8,2.8,1.0,4.2,1.0,2.0,1.0,4.4,3.2,4.0,2.0,3.2,1.2
0839000486,30058122,7/5/2020,2.4,1.2,2.0,1.8,2.2,0.8,2.2,1.0,2.0,1.0,1.6,1.6,0.4,1.0,0.4,1.2,0.2,0.2,1.4,0.2,1.8,0.2,1.8,1.0,1.2,1.8,2.2,2.4,1.0,2.6,1.8,2.4,1.2,2.0,3.6,2.8,2.6,1.4,2.4,1.0,2.2,0.8,1.6,1.6,1.4,4.8,1.8,2.2
0839000486,30058122,7/4/2020,2.4,2.4,2.4,2.4,2.8,1.2,2.4,1.4,2.0,2.0,1.4,1.8,2.2,1.8,1.6,1.8,1.4,2.2,1.4,2.4,2.4,2.0,2.4,2.4,2.2,2.6,3.2,2.6,2.4,3.0,2.6,2.6,2.4,2.4,2.4,3.8,2.6,3.6,2.4,2.4,1.0,2.4,2.4,1.2,2.4,4.4,3.2,1.0
0839000486,30058122,7/3/2020,1.0,2.4,1.6,1.6,1.4,1.2,2.0,1.0,1.2,1.4,0.6,1.8,1.0,1.2,4.2,1.0,4.6,2.2,2.2,1.2,2.6,1.2,2.6,1.2,3.2,1.2,1.2,0.4,0.2,0.4,0.4,3.0,2.6,3.2,3.0,2.6,4.2,2.6,3.2,2.6,2.4,2.4,2.6,3.6,2.6,4.6,2.8,2.4
0839000486,30058122,7/2/2020,2.2,2.2,2.0,0.2,1.4,1.2,1.2,2.0,3.2,1.8,1.8,1.6,1.8,1.2,0.6,1.0,1.2,1.8,1.4,1.0,2.8,0.8,2.2,1.2,1.4,1.6,1.0,2.4,0.8,2.8,1.8,2.4,1.8,2.0,3.4,4.4,3.0,3.2,1.2,2.4,1.2,2.4,1.0,3.8,1.0,4.8,2.0,2.0
0839000486,30058122,7/1/2020,2.2,2.4,2.2,2.2,2.2,2.2,2.6,2.0,2.0,2.2,2.0,2.0,2.0,1.0,0.4,1.8,0.2,0.2,0.2,0.2,0.2,0.2,0.2,0.2,0.2,0.2,1.2,0.6,0.6,0.4,1.2,2.4,3.0,3.8,4.4,5.4,4.4,2.8,2.8,3.0,2.4,2.2,2.8,2.4,4.2,3.8,2.4,2.2
0839000486,30058122,6/30/2020,0.8,2.0,0.4,3.0,0.8,4.6,3.4,4.2,2.0,3.0,3.8,2.8,2.6,2.0,1.4,1.6,2.0,1.2,2.2,1.0,2.4,1.4,2.2,2.0,2.2,2.8,1.0,2.8,2.6,2.6,3.6,2.6,2.4,2.4,2.6,3.0,3.6,3.4,2.4,2.4,2.4,3.2,3.2,2.4,2.2,4.0,2.2,2.2
0839000486,30058122,6/29/2020,1.8,0.8,1.4,0.8,1.0,1.2,1.0,1.2,0.4,2.0,1.8,1.6,0.4,1.6,0.4,0.4,1.8,0.8,2.2,0.4,2.4,0.2,2.6,0.4,2.8,0.6,2.4,0.4,3.2,2.0,2.6,2.0,1.2,2.4,1.8,4.4,4.0,4.8,3.8,0.8,2.2,1.2,5.0,8.8,9.2,8.0,3.8,2.6
0839000486,30058122,6/28/2020,1.8,0.4,2.6,0.4,1.8,0.6,0.6,1.2,0.2,1.4,0.2,0.8,1.4,0.2,1.0,0.8,0.2,1.4,0.4,1.6,1.6,1.2,1.6,0.4,2.0,0.4,5.2,1.0,2.6,0.4,2.6,1.2,2.4,0.6,3.0,1.4,3.2,0.4,2.2,5.2,4.2,0.6,2.0,1.2,2.2,2.2,2.2,0.4
0839000486,30058122,6/27/2020,1.8,0.4,1.8,1.0,1.0,1.2,0.4,1.6,0.4,1.0,0.8,0.4,1.6,0.4,2.8,1.4,0.2,1.8,0.2,1.8,0.2,1.8,0.4,1.8,0.6,2.6,2.2,2.6,1.6,2.4,0.8,2.4,0.6,3.2,2.2,2.4,1.8,1.6,1.6,2.0,1.6,0.8,5.2,1.0,2.0,2.6,2.2,0.4
0839000486,30058122,6/26/2020,1.6,0.4,1.0,1.4,0.4,2.2,1.2,0.8,2.4,0.6,0.4,1.2,0.2,0.2,0.2,1.4,0.4,0.6,1.6,0.2,1.6,0.8,1.4,1.0,1.6,0.8,1.2,1.4,3.4,2.8,0.6,2.4,4.6,2.4,1.2,3.6,0.4,2.8,3.4,1.4,1.2,1.2,1.2,1.0,2.2,2.2,2.2,0.4
0839000486,30058122,6/25/2020,1.2,1.2,1.0,0.8,1.2,0.8,1.0,0.4,1.6,0.2,0.2,2.0,0.8,1.0,1.0,0.2,1.4,0.2,1.2,0.4,1.2,0.8,1.6,0.2,2.4,0.2,1.8,0.6,1.4,1.0,2.2,1.2,0.8,1.8,1.4,4.2,1.2,1.6,0.4,1.6,0.8,2.4,0.4,1.4,0.4,2.4,1.2,0.4
0839000486,30058122,6/24/2020,1.8,1.0,2.2,1.8,0.6,1.8,0.4,1.8,0.4,1.8,1.0,1.4,2.4,1.8,0.4,2.6,0.4,1.6,0.6,1.4,1.0,2.6,1.8,0.8,2.0,0.4,3.2,0.8,2.4,2.2,1.0,2.4,1.0,2.4,0.6,2.4,1.4,1.8,3.4,0.8,2.6,0.4,1.8,0.6,1.4,1.4,3.0,1.4
0839000486,30058122,6/23/2020,1.8,2.0,1.0,1.8,1.2,1.6,1.4,0.8,2.2,0.6,1.6,0.6,0.4,1.4,0.4,0.8,0.8,0.8,1.2,0.6,1.6,0.6,1.4,1.4,1.8,2.2,1.4,2.2,0.8,1.4,1.4,3.2,3.2,2.4,1.6,2.0,1.4,1.6,2.0,0.8,2.2,2.0,4.8,3.0,6.0,1.8,2.8,0.8
0839000486,30058122,6/22/2020,0.8,1.0,1.0,0.6,1.6,0.4,0.8,1.4,0.4,0.4,1.6,0.4,0.4,1.4,0.6,2.0,1.6,0.4,1.6,0.4,2.8,0.4,1.8,1.2,1.2,1.6,1.6,2.2,1.8,3.0,1.0,2.2,2.0,1.8,2.6,1.2,1.8,1.2,2.2,0.4,1.6,0.8,1.2,0.6,1.4,2.8,3.4,2.2
0839000486,30058122,6/21/2020,0.8,1.2,0.2,0.2,1.4,0.4,0.4,1.2,1.2,0.4,0.4,0.8,1.0,0.8,0.2,1.0,1.6,0.4,0.2,1.2,0.4,0.6,1.0,0.8,1.4,0.2,0.8,2.4,1.8,0.6,1.2,1.2,1.6,0.2,2.6,3.4,1.8,2.0,1.4,0.8,1.8,0.6,1.4,0.6,1.2,2.4,2.4,1.0
0839000486,30058122,6/20/2020,1.2,0.2,1.4,0.4,0.2,2.0,0.4,0.4,1.4,0.4,0.2,1.2,0.4,0.2,0.2,1.4,0.2,0.8,1.4,0.2,1.0,0.8,0.4,1.4,1.4,1.6,0.6,0.2,1.8,1.2,1.4,0.2,0.8,0.6,2.8,1.4,0.0,4.8,0.6,1.2,1.4,0.2,2.6,0.4,1.0,2.8,2.2,0.8
0839000486,30058122,6/19/2020,0.2,0.8,0.8,0.2,2.0,1.2,0.4,0.6,1.2,2.2,1.6,2.4,2.0,1.6,1.4,0.4,0.8,1.0,0.6,0.2,1.4,0.2,1.2,0.6,1.4,0.6,0.8,1.2,0.8,1.6,1.6,1.2,1.2,0.8,2.0,2.0,4.8,1.6,2.2,0.6,1.2,0.8,4.6,1.2,1.0,2.2,3.4,1.2
0839000486,30058122,6/18/2020,0.6,0.6,1.2,1.2,3.2,3.4,1.4,2.8,1.6,1.2,1.6,2.6,2.0,1.2,1.4,0.2,0.2,1.2,0.8,0.2,2.0,0.4,0.4,1.4,1.6,1.4,0.4,1.2,0.4,1.4,1.0,1.4,0.4,2.0,2.6,1.2,0.4,0.8,5.8,3.2,1.8,1.4,5.0,1.4,1.0,3.8,1.0,1.4
0839000486,30058122,6/17/2020,1.8,0.4,0.8,1.2,2.2,1.2,1.2,1.2,1.2,1.4,0.4,0.2,0.2,0.4,1.4,0.8,0.4,1.2,0.4,1.2,0.2,1.0,1.2,2.2,1.2,1.2,1.8,1.0,1.8,0.6,0.2,0.8,0.6,0.2,2.8,3.4,2.0,0.2,4.0,1.0,0.2,0.6,1.0,1.0,0.2,2.8,0.6,1.4
0839000486,30058122,6/16/2020,1.4,2.6,1.4,2.2,4.2,1.2,1.2,2.2,1.2,1.2,1.2,2.6,0.4,0.4,0.2,0.4,1.4,0.2,0.4,2.0,1.4,0.4,1.4,0.2,0.4,1.6,0.2,2.2,1.4,1.6,0.2,1.4,0.4,1.6,1.6,2.0,1.4,1.0,0.2,1.4,0.4,0.2,0.8,0.8,0.2,2.0,1.4,0.2
0839000486,30058122,6/15/2020,1.4,2.2,1.6,2.8,1.4,1.8,2.0,1.2,1.2,1.2,1.2,2.2,0.2,0.4,0.8,0.4,1.0,0.2,0.2,0.8,1.4,1.4,0.6,0.2,1.2,0.6,1.2,1.4,0.2,1.6,1.4,1.6,0.4,3.0,0.8,1.8,0.4,4.0,0.4,2.0,0.4,0.4,2.2,1.2,1.2,3.2,2.4,2.0
0839000486,30058122,6/14/2020,0.2,1.2,0.4,0.2,0.4,1.4,2.2,1.4,0.4,0.2,0.4,1.2,0.4,0.8,0.2,0.2,1.0,0.4,0.2,1.0,0.4,0.6,1.0,0.2,1.4,0.2,0.8,1.4,1.6,1.0,1.4,0.2,1.6,1.0,1.4,2.8,3.0,0.4,1.4,0.2,2.2,1.0,3.6,2.6,4.0,0.6,2.2,0.4
0839000486,30058122,6/13/2020,0.8,1.0,0.6,1.4,1.2,3.2,0.8,1.2,0.4,0.4,1.2,0.2,0.4,0.4,1.4,3.2,1.8,0.8,0.2,1.4,0.2,1.4,0.4,1.4,0.2,1.6,3.4,3.2,2.8,0.6,1.8,1.4,1.6,1.2,1.8,2.8,0.6,6.0,1.2,1.4,1.8,0.8,2.0,1.2,0.4,5.2,1.0,1.6
0839000486,30058122,6/12/2020,3.6,5.4,6.0,5.4,6.0,5.2,6.6,6.0,5.4,5.6,5.6,5.0,4.2,1.4,1.4,0.2,1.4,1.0,1.6,0.4,1.8,0.4,1.6,1.2,0.8,1.4,0.6,1.6,1.6,2.8,1.4,2.0,2.4,1.2,2.2,2.0,1.6,1.0,2.2,1.8,0.4,3.0,0.6,1.6,0.6,1.6,1.8,2.0
0839000486,30058122,6/11/2020,0.6,2.0,1.2,1.4,1.2,1.0,1.2,0.8,1.4,0.4,1.6,0.4,1.4,1.2,2.2,0.2,1.4,0.4,1.2,0.4,1.4,0.6,1.4,3.2,3.0,1.6,4.4,1.6,2.0,0.6,1.8,2.2,3.6,1.2,2.4,4.6,1.8,1.8,1.2,4.0,0.6,1.6,1.0,1.0,1.2,4.2,5.6,0.4
0839000486,30058122,6/10/2020,1.6,1.2,1.8,1.6,0.4,1.8,0.4,1.6,0.4,1.6,0.2,1.6,0.4,1.6,1.0,3.2,0.4,1.6,0.4,1.8,0.2,2.0,1.0,1.6,1.4,1.8,2.6,2.0,2.6,1.0,2.4,1.4,2.8,1.4,2.4,2.2,2.2,1.2,2.0,2.0,2.2,2.2,1.2,2.2,0.6,4.0,1.2,2.6
0839000486,30058122,6/9/2020,0.4,1.4,0.2,0.6,1.0,0.8,0.6,1.0,0.2,0.4,1.4,0.2,0.4,1.2,1.8,0.2,0.8,2.2,0.8,1.0,1.4,1.6,1.6,0.6,2.0,0.4,1.8,1.2,2.0,2.4,1.8,2.0,1.0,2.6,2.8,2.4,0.8,3.2,2.2,6.0,4.0,2.0,2.2,0.6,3.0,3.2,3.0,1.0
0839000486,30058122,6/8/2020,0.6,1.4,0.2,0.2,1.2,0.8,0.2,1.4,0.4,0.2,0.6,1.2,0.2,0.4,0.4,1.0,0.4,0.2,1.4,0.4,1.0,0.6,1.2,0.4,0.8,1.2,1.0,1.0,0.8,1.8,2.0,2.2,1.8,0.4,3.2,1.2,2.0,0.8,1.8,2.6,1.6,2.2,1.4,2.4,2.0,1.2,1.6,3.0
0839000486,30058122,6/7/2020,0.8,2.2,1.0,1.6,0.8,1.6,0.4,3.0,1.0,1.4,0.4,0.4,1.4,1.0,0.8,0.8,0.6,1.0,0.2,1.6,0.8,1.0,0.8,1.0,1.4,0.4,1.8,0.6,1.6,0.2,1.8,1.6,1.6,1.0,3.0,2.8,0.6,2.6,1.2,3.2,1.0,1.2,0.2,1.6,0.2,3.0,0.4,3.2
0839000486,30058122,6/6/2020,1.0,1.6,0.4,1.4,0.4,0.8,1.0,0.2,2.2,1.4,1.6,0.2,0.2,1.4,1.0,1.0,1.2,0.2,1.6,0.2,1.6,0.4,1.6,0.4,2.4,1.2,1.2,2.6,1.8,2.4,0.6,2.4,1.6,2.6,2.0,2.2,3.0,3.0,1.0,1.2,1.6,0.8,2.4,0.4,2.6,2.6,5.0,3.0
0839000486,30058122,6/5/2020,1.6,0.8,1.0,1.0,1.2,0.4,1.4,0.4,1.4,0.4,1.4,1.0,0.4,1.4,0.2,0.2,1.4,0.2,1.6,1.0,1.8,0.4,2.0,0.6,1.8,1.2,1.0,1.6,0.8,2.0,0.6,2.8,1.6,2.6,0.8,3.0,1.4,1.0,1.2,0.8,1.6,0.6,3.8,2.8,4.4,1.4,1.2,2.8
0839000486,30058122,6/4/2020,0.8,1.4,0.4,1.6,0.4,1.6,0.6,0.8,1.0,1.0,1.6,0.8,1.2,0.4,0.2,1.6,0.2,0.8,1.0,0.2,2.2,0.8,2.0,0.6,2.2,2.2,2.8,3.8,4.6,2.0,1.2,2.2,2.2,2.4,2.0,2.8,2.0,2.4,1.2,4.8,1.8,1.2,1.4,0.6,2.2,0.2,3.4,0.4
0839000486,30058122,6/3/2020,4.4,4.6,2.4,0.2,0.2,0.4,1.2,0.2,0.8,0.2,0.2,0.8,1.6,0.8,0.2,2.8,4.2,0.4,1.4,0.4,1.4,1.0,0.6,1.0,0.2,1.8,0.2,3.0,2.2,2.2,1.0,2.4,3.0,2.4,6.2,6.4,1.2,1.2,2.6,1.4,2.6,3.6,2.2,0.4,3.6,3.0,2.2,1.6
0839000486,30058122,6/2/2020,0.6,0.8,0.4,1.4,4.8,2.0,3.2,1.2,1.2,1.2,1.6,1.2,1.2,0.4,0.2,0.2,0.2,0.8,0.2,0.2,0.2,2.2,2.2,0.2,3.8,2.6,0.8,2.2,0.2,1.0,0.8,1.2,1.2,0.2,2.2,5.4,4.8,6.0,2.0,2.8,2.6,1.0,6.4,2.4,5.0,4.0,4.2,4.2
0839000486,30058122,6/1/2020,0.8,1.8,5.8,5.0,2.8,0.2,1.2,0.2,0.2,0.4,0.2,0.2,0.4,0.2,0.2,0.4,0.4,1.0,0.2,3.6,1.4,0.2,1.0,1.2,0.2,0.8,1.8,1.4,0.2,1.4,0.2,1.4,0.2,1.2,0.4,2.0,2.8,1.0,2.4,1.6,0.2,0.2,0.4,1.2,2.0,1.8,1.2,0.4
0839000486,30058122,5/31/2020,1.4,0.4,1.2,4.8,5.4,2.8,1.4,0.4,1.2,0.4,0.4,0.4,0.4,0.4,0.8,0.8,1.0,0.2,1.2,0.2,0.8,1.0,0.2,1.0,0.8,0.2,1.0,1.2,0.2,1.2,0.6,3.0,1.6,0.6,1.4,1.4,0.2,1.2,1.0,0.4,3.8,1.4,1.0,0.6,2.4,6.2,1.2,4.0
0839000486,30058122,5/30/2020,2.6,3.8,0.6,2.0,0.6,1.2,1.8,1.0,1.0,0.8,1.2,0.8,1.8,0.6,0.2,1.2,0.2,1.4,0.8,1.4,0.4,1.6,0.2,1.8,0.2,1.4,0.2,3.0,1.8,1.8,1.2,1.2,2.0,1.0,3.8,2.4,1.6,1.8,5.2,0.8,1.2,0.4,2.4,0.4,2.4,1.6,2.4,1.0
0839000486,30058122,5/29/2020,0.4,0.4,1.6,0.6,0.2,0.4,0.4,3.0,1.8,3.2,0.4,1.6,0.4,0.4,0.4,0.4,0.4,1.0,0.4,0.2,0.4,0.4,0.2,0.4,0.4,0.2,0.4,0.4,1.0,0.8,1.8,1.2,0.6,1.2,0.6,0.6,0.6,1.4,1.8,2.2,2.2,2.4,2.4,4.8,4.0,7.2,6.2,4.6
0839000486,30058122,5/28/2020,0.2,0.4,0.4,0.2,1.0,0.4,0.2,0.4,0.4,0.2,0.4,0.4,0.2,0.4,1.0,0.4,0.4,1.4,0.4,0.4,0.4,0.4,0.4,1.2,0.4,0.4,1.6,0.4,1.6,0.4,0.4,0.4,0.4,0.2,0.4,2.8,1.6,0.2,2.2,1.8,0.4,0.4,0.4,1.0,1.2,1.4,0.4,0.2
0839000486,30058122,5/27/2020,5.0,3.8,3.6,2.2,0.6,0.6,0.6,0.4,0.4,5.2,4.6,1.0,1.8,1.6,1.0,0.2,0.2,0.2,0.2,0.2,0.8,0.2,0.2,0.2,0.2,0.4,0.2,1.4,0.4,0.2,0.2,0.2,0.4,0.2,0.4,0.8,1.0,1.2,0.8,0.2,0.2,2.6,2.2,0.2,1.8,1.0,0.4,0.2
0839000486,30058122,5/26/2020,0.6,1.2,0.4,0.4,0.4,0.4,0.4,1.2,0.2,1.6,2.8,3.4,0.4,0.2,0.2,1.0,0.2,0.2,0.2,0.2,0.2,0.2,0.2,0.2,0.2,0.2,0.8,0.2,0.2,0.2,3.6,0.4,0.4,2.0,0.4,0.4,2.0,0.2,1.0,5.4,1.4,0.6,3.2,4.8,0.6,2.0,0.4,4.2
0839000486,30058122,5/25/2020,0.2,1.0,0.4,0.2,0.2,0.4,0.4,0.4,0.4,1.0,0.4,0.4,0.4,0.4,0.4,1.4,0.2,0.4,2.4,0.4,0.4,2.0,1.0,0.2,0.2,0.2,0.2,0.2,0.4,0.4,0.2,0.4,0.4,0.4,2.4,2.0,0.4,3.4,0.4,2.2,5.0,1.2,5.8,6.0,5.0,4.6,5.0,4.6
0839000486,30058122,5/24/2020,0.4,1.0,0.4,0.4,1.8,1.8,0.4,0.2,0.2,0.4,0.8,0.2,0.2,0.2,1.6,0.4,0.4,1.2,0.2,1.0,0.4,0.2,0.2,0.2,0.2,0.2,1.4,0.2,0.4,0.2,0.2,0.4,0.2,1.8,2.6,2.8,1.8,0.6,1.6,2.8,2.8,1.2,1.4,0.6,3.0,4.4,0.6,0.4
0839000486,30058122,5/23/2020,0.4,0.4,0.4,1.0,2.0,3.8,5.8,5.6,1.2,1.6,0.4,0.2,0.2,0.2,0.4,0.2,0.2,1.0,0.4,0.2,1.4,3.0,1.8,0.2,1.0,0.2,0.2,0.2,0.4,2.0,0.4,0.4,0.4,1.8,0.4,0.4,1.0,2.6,0.6,0.4,0.4,3.0,3.0,2.0,0.4,0.4,2.0,0.4
0839000486,30058122,5/22/2020,0.4,1.0,0.4,0.4,0.4,2.0,1.4,3.8,3.6,1.0,2.6,1.2,1.2,1.2,1.2,2.0,1.2,3.2,2.2,0.4,0.2,0.2,1.0,0.2,0.2,0.2,2.6,2.6,0.2,0.2,1.0,2.4,0.2,0.2,0.2,0.4,3.4,0.4,1.0,1.2,2.0,2.4,0.4,0.8,0.2,0.4,0.4,0.6
0839000486,30058122,5/21/2020,1.2,1.2,1.2,1.2,6.2,4.4,3.2,2.2,1.8,2.2,1.2,1.2,1.2,1.2,1.8,1.2,1.2,1.2,1.2,1.2,0.4,0.6,0.2,0.2,0.2,0.2,1.6,0.2,0.4,0.2,0.2,0.2,0.4,0.8,0.2,4.0,0.4,0.6,3.8,1.2,1.2,4.4,2.2,3.6,1.2,0.8,0.4,0.2
0839000486,30058122,5/20/2020,0.2,0.2,0.2,0.4,0.2,0.8,2.4,2.2,0.4,0.2,0.4,0.4,0.8,0.6,1.4,2.2,1.6,1.4,0.4,0.2,0.2,0.2,0.2,0.6,0.4,0.2,0.2,0.2,0.2,0.2,0.2,0.2,0.2,0.2,2.0,3.4,1.0,0.0,0.6,1.2,1.2,3.6,1.4,1.2,1.8,1.4,1.2,1.2
0839000486,30058122,5/19/2020,0.2,0.2,0.2,0.4,0.4,0.6,2.4,4.0,5.0,3.4,2.8,0.8,0.8,0.2,0.2,0.2,0.4,0.2,0.4,0.8,0.4,2.2,0.6,4.4,0.6,0.2,1.8,0.2,0.4,0.2,2.8,2.0,1.2,0.2,1.4,0.2,1.0,1.2,1.2,1.8,1.4,3.6,2.0,2.8,3.0,1.4,2.0,1.0
0839000486,30058122,5/18/2020,0.4,0.2,0.8,0.4,0.2,2.0,1.6,1.4,0.2,0.2,0.4,0.2,0.4,2.2,0.2,0.8,0.2,0.2,0.2,0.2,0.2,0.2,0.2,0.8,0.2,0.4,0.2,0.2,0.4,0.4,1.0,1.6,1.2,1.4,3.2,1.2,1.2,1.2,2.0,0.8,3.4,2.2,1.6,2.4,0.2,2.2,5.0,2.2
0839000486,30058122,5/17/2020,1.2,0.4,0.4,0.4,0.4,1.8,2.6,0.4,0.4,0.2,0.4,0.4,0.8,0.4,0.2,0.8,0.2,0.2,0.2,0.2,0.2,0.2,0.8,1.0,0.4,0.2,0.2,0.2,2.0,3.0,5.2,1.6,2.0,1.4,2.6,0.4,0.6,1.8,1.2,1.2,3.2,3.0,1.4,2.6,0.8,0.6,0.2,0.2
0839000486,30058122,5/16/2020,0.2,0.4,0.6,0.4,1.4,1.8,1.6,0.4,0.4,0.2,0.6,0.4,0.8,0.4,0.8,0.2,0.2,0.4,0.2,0.2,0.4,0.4,0.2,0.4,0.4,0.4,2.0,1.8,0.4,0.4,1.0,0.4,0.2,0.4,2.2,0.4,0.4,0.6,2.4,2.8,0.6,2.0,0.4,0.4,1.2,0.6,0.4,0.4
0839000486,30058122,5/15/2020,0.2,0.2,0.2,0.2,2.2,1.0,2.4,0.2,0.2,0.2,0.4,0.6,0.2,0.2,0.4,0.2,1.8,1.0,0.2,0.2,0.2,0.6,0.2,0.2,0.2,0.2,0.2,0.4,0.2,1.6,0.4,1.0,0.4,2.0,1.8,0.6,0.4,0.4,1.0,0.4,0.6,2.2,1.2,2.4,0.4,2.4,0.2,0.2
0839000486,30058122,5/14/2020,1.2,0.4,0.2,0.4,1.4,1.4,1.4,0.2,0.4,0.2,0.2,0.2,0.2,0.8,0.2,1.8,0.2,0.2,0.8,0.2,0.2,0.2,0.2,0.8,0.2,0.4,2.0,0.2,0.2,0.2,0.4,1.0,0.2,0.4,1.6,0.2,0.2,2.2,2.6,4.8,1.4,1.2,0.4,0.2,1.2,0.2,0.4,0.6
0839000486,30058122,5/13/2020,0.4,0.8,0.2,0.2,0.4,2.0,1.6,0.4,1.6,1.2,0.2,1.2,1.4,4.4,2.0,1.2,1.2,1.8,1.2,1.2,0.4,0.2,0.4,0.4,0.4,1.0,1.8,0.2,0.2,0.2,0.4,0.4,0.8,0.2,1.2,0.8,1.4,1.2,1.2,3.0,1.4,1.8,0.4,0.2,0.8,0.2,0.4,1.2
0839000486,30058122,5/12/2020,1.2,1.0,1.2,2.4,2.2,2.8,2.6,0.4,0.4,1.4,2.0,0.2,0.8,1.8,1.6,0.2,2.0,1.0,0.8,2.0,0.2,0.2,0.2,0.6,0.4,2.2,0.2,1.4,0.2,0.4,0.2,0.2,0.2,2.4,2.4,2.2,1.2,1.2,1.2,5.2,2.8,1.2,2.2,1.2,1.2,0.4,2.4,2.8
0839000486,30058122,5/11/2020,1.4,0.8,0.4,0.4,2.0,3.4,5.4,3.2,2.4,1.6,1.6,3.2,1.4,1.4,1.4,2.0,1.4,1.4,1.4,1.4,0.2,1.2,4.0,0.6,1.2,1.4,3.6,0.6,0.6,1.0,0.4,1.0,1.0,1.2,2.6,1.6,1.2,1.4,1.8,1.8,2.6,2.8,4.0,4.2,5.6,5.0,4.6,4.2
0839000486,30058122,5/10/2020,1.4,0.6,1.0,1.4,1.4,1.4,5.2,2.8,1.4,1.4,1.4,1.4,1.6,1.4,0.4,0.4,1.8,1.4,1.2,0.4,0.4,0.4,0.4,0.4,0.4,1.0,1.8,0.4,0.4,0.4,0.4,0.6,2.6,1.4,2.8,2.0,1.4,1.8,1.6,1.4,1.4,2.2,1.8,4.6,1.4,1.6,1.4,2.2
0839000486,30058122,5/9/2020,3.4,1.6,2.0,1.4,2.2,3.2,5.2,6.2,4.8,1.4,1.8,1.8,1.4,1.4,1.4,3.2,5.8,1.6,2.6,2.8,0.6,0.4,0.4,1.4,1.4,0.4,0.4,0.4,2.6,0.4,2.0,1.4,1.4,2.0,2.4,1.2,1.4,2.2,5.2,1.4,1.4,6.4,6.0,6.0,6.2,4.8,0.6,0.4
0839000486,30058122,5/8/2020,1.2,0.4,0.4,0.4,0.6,2.0,0.8,2.4,0.4,0.4,0.6,0.4,0.4,0.4,1.0,0.4,0.4,0.4,2.2,0.4,1.0,1.4,1.4,2.0,1.4,1.4,2.8,0.6,0.4,0.6,1.0,0.4,0.4,0.6,4.2,3.0,1.4,2.4,1.4,1.6,1.6,3.0,2.0,4.4,1.4,1.4,2.4,3.4
0839000486,30058122,5/7/2020,0.4,0.4,0.6,1.0,0.4,2.8,0.8,3.0,3.2,2.6,2.2,1.4,1.4,2.2,1.4,1.4,0.6,0.8,1.0,0.4,0.4,0.6,0.6,2.0,0.4,0.6,1.8,0.4,0.4,0.6,0.4,1.0,0.4,0.4,1.8,0.4,1.2,1.4,1.4,3.0,1.0,2.2,1.4,3.6,1.6,1.4,1.4,0.8
0839000486,30058122,5/6/2020,3.8,1.6,1.6,1.6,2.0,3.8,2.2,1.6,1.4,1.4,1.4,1.4,2.0,1.4,1.4,1.6,0.8,0.4,0.4,0.4,0.4,0.8,0.4,0.4,0.4,0.4,1.8,0.6,2.2,1.4,1.4,1.6,1.4,1.4,4.8,4.4,1.4,1.4,1.4,2.4,1.6,1.6,3.0,6.0,6.0,4.6,2.2,0.4
0839000486,30058122,5/5/2020,2.0,1.4,1.4,1.4,1.6,1.4,4.0,5.8,5.4,1.0,1.4,0.6,0.4,0.4,0.4,0.4,1.2,0.4,0.4,0.4,0.4,1.0,0.4,0.4,0.4,0.4,2.0,0.6,1.0,0.4,0.4,1.2,0.4,2.0,2.6,0.8,0.4,1.2,1.2,1.6,1.8,3.6,4.6,3.8,1.4,1.6,2.0,2.2
0839000486,30058122,5/4/2020,0.6,0.4,1.0,0.6,0.4,0.4,2.6,3.2,0.6,0.4,0.6,0.6,0.6,0.8,2.4,4.2,0.8,0.6,1.8,2.2,0.6,0.4,0.4,0.4,1.2,0.4,1.6,0.4,1.0,0.4,0.4,0.6,2.0,0.6,2.2,0.4,0.6,0.8,1.2,4.0,1.4,0.6,1.4,0.6,2.2,2.8,2.2,2.8
0839000486,30058122,5/3/2020,0.6,0.6,0.6,0.8,2.0,3.0,2.4,2.8,1.4,1.6,1.4,1.4,1.6,1.4,1.6,0.4,0.6,0.4,0.4,0.4,2.4,0.4,0.4,0.4,1.0,0.4,1.8,0.8,0.8,1.4,1.6,0.6,0.6,0.6,3.4,0.6,0.8,0.6,1.2,0.4,1.2,0.8,0.8,0.8,1.4,0.6,0.6,0.6
0839000486,30058122,5/2/2020,1.6,1.4,1.4,1.8,1.6,1.0,1.6,1.4,0.4,0.4,0.4,0.6,1.8,1.4,3.0,2.2,1.4,0.4,0.4,0.4,0.4,1.0,0.4,0.4,0.6,0.6,0.6,0.6,0.6,0.4,4.2,0.6,0.6,0.4,1.0,0.6,0.6,0.4,2.4,0.8,1.2,0.8,0.8,1.4,0.6,0.6,0.4,0.4
0839000486,30058122,5/1/2020,1.8,1.0,1.4,1.4,1.4,1.4,3.0,3.6,0.4,0.4,1.2,0.6,0.4,0.4,2.0,1.4,1.4,1.4,1.4,2.0,3.4,0.4,0.4,1.0,0.4,0.4,2.0,0.4,0.4,3.6,0.8,0.4,1.4,0.6,3.4,0.6,1.4,1.4,5.4,5.6,3.8,3.2,3.4,1.8,5.0,1.8,2.2,1.6
0839000486,30058122,4/30/2020,0.6,0.6,0.4,0.6,0.6,2.0,2.8,1.8,0.6,1.4,1.4,1.4,1.4,2.0,1.4,1.4,1.4,1.4,1.0,0.4,0.4,2.4,1.2,0.4,0.6,0.4,3.0,0.8,1.6,0.6,0.6,2.2,1.8,2.8,3.0,1.6,1.6,1.4,2.0,1.8,1.6,2.8,4.0,6.0,5.0,5.4,0.8,0.4
0839000486,30058122,4/29/2020,2.0,1.4,1.4,1.4,0.6,0.4,1.2,1.6,0.4,0.4,0.4,0.6,1.4,2.0,1.4,1.4,1.4,1.4,1.2,0.4,0.4,0.6,0.4,0.4,0.4,1.2,3.6,0.6,0.4,2.4,0.6,0.4,0.4,1.2,0.6,0.6,0.6,2.4,4.0,2.2,2.0,2.0,2.6,1.6,1.6,1.0,0.6,0.4
0839000486,30058122,4/28/2020,0.6,0.4,0.6,0.4,1.0,1.8,6.0,4.4,3.0,1.4,1.4,1.4,2.2,1.4,1.4,1.4,3.2,2.4,5.0,0.6,0.4,1.2,0.4,0.4,0.6,0.6,2.4,0.6,0.6,1.2,1.0,1.6,3.6,2.0,4.2,1.4,2.2,6.2,1.6,1.6,3.6,3.6,1.6,2.6,1.4,1.4,1.4,1.4
0839000486,30058122,4/27/2020,1.2,0.6,0.4,0.6,0.6,4.0,1.8,2.0,1.2,1.4,1.4,1.6,1.4,1.4,2.2,1.4,2.2,2.2,1.4,1.4,1.4,2.0,1.4,1.4,1.2,0.4,3.4,5.2,1.0,3.4,1.4,1.0,1.0,1.6,3.0,1.4,1.4,1.4,1.4,1.8,2.4,1.4,1.4,2.0,1.4,1.6,1.4,1.4
0839000486,30058122,4/26/2020,0.6,0.8,0.8,0.8,0.8,3.0,3.8,1.8,1.4,1.4,2.0,1.4,1.6,1.6,1.4,1.4,1.4,2.8,1.4,6.0,1.6,0.4,3.4,1.4,0.4,0.4,2.0,0.4,0.4,1.0,2.0,1.4,1.4,1.8,2.4,1.6,1.4,1.4,1.4,2.0,2.0,1.6,4.0,1.4,1.4,5.4,6.2,2.8
0839000486,30058122,4/25/2020,0.8,0.6,1.2,0.8,0.6,0.6,3.0,2.2,3.0,1.2,0.6,0.6,0.8,0.8,1.2,0.6,0.6,0.6,0.8,0.8,0.6,0.6,0.6,0.8,0.6,0.8,3.4,0.6,0.6,0.6,0.8,1.4,0.6,1.0,2.0,0.8,0.8,0.6,1.2,1.4,1.4,2.8,0.6,0.8,0.8,0.8,1.2,0.6
0839000486,30058122,4/24/2020,1.4,1.2,0.4,0.4,1.4,2.6,2.4,0.6,0.4,0.6,0.6,0.6,1.0,0.6,0.6,0.8,3.2,1.0,0.4,0.6,0.4,1.0,0.4,0.4,0.6,0.4,2.2,1.0,0.4,0.4,0.4,0.4,1.0,0.4,5.2,3.8,2.2,2.8,1.6,2.4,1.2,1.0,0.4,0.4,0.4,2.0,0.8,0.8
0839000486,30058122,4/23/2020,1.2,0.6,0.8,1.6,1.4,1.4,1.4,1.6,1.4,1.4,2.0,0.6,0.6,0.4,0.4,1.2,0.4,3.8,1.4,2.0,1.4,1.8,2.6,0.8,0.4,0.4,2.2,0.6,0.4,1.0,1.4,2.0,1.4,2.8,5.2,1.6,1.4,1.4,1.6,1.8,1.4,1.2,2.0,0.4,2.6,1.8,2.2,1.4
0839000486,30058122,4/22/2020,1.8,1.6,1.4,2.0,1.4,1.6,1.6,1.4,1.2,0.4,0.6,0.6,1.2,1.4,2.4,1.4,1.8,1.4,1.6,2.6,1.6,3.8,0.6,0.4,0.4,1.0,2.0,0.4,0.4,0.6,0.4,1.0,1.8,1.6,2.8,1.8,1.4,2.6,6.2,3.2,1.4,2.2,1.4,3.4,0.4,0.4,0.6,0.6
0839000486,30058122,4/21/2020,1.4,1.4,2.0,1.4,1.4,1.4,1.4,1.4,0.4,0.4,0.4,0.4,0.4,1.2,1.4,2.0,1.4,1.4,2.6,2.0,1.4,1.4,4.4,1.4,1.4,1.8,3.4,2.2,1.2,0.4,0.6,0.4,0.8,3.2,4.8,3.4,4.0,5.0,1.4,2.0,1.6,1.4,1.4,4.2,6.8,2.6,2.4,1.4
0839000486,30058122,4/20/2020,4.0,0.6,0.6,1.2,0.4,0.4,0.4,0.6,0.4,0.4,0.4,1.2,1.2,1.4,1.8,3.4,1.4,1.8,0.4,0.4,1.2,0.4,0.4,0.8,2.4,0.4,0.4,0.2,0.2,0.2,1.0,0.4,0.8,0.4,2.8,4.6,2.4,4.4,2.8,4.4,2.8,3.4,6.2,1.6,2.4,1.4,1.6,1.6
0839000486,30058122,4/19/2020,1.4,1.6,1.4,1.6,1.4,1.4,1.4,1.4,2.0,1.6,1.4,1.4,1.4,1.4,2.2,1.4,1.4,1.4,4.0,4.4,0.6,1.2,1.8,0.4,0.4,0.4,2.4,0.4,0.4,0.6,2.8,0.6,0.4,1.8,1.2,3.2,5.8,6.2,6.2,1.6,1.4,1.4,2.2,3.0,1.8,1.4,1.4,0.4
0839000486,30058122,4/18/2020,1.2,0.6,0.6,0.6,0.6,0.4,0.6,0.8,0.6,0.4,0.4,0.4,0.4,1.4,1.4,1.4,1.8,7.0,3.6,1.4,2.2,3.2,3.8,1.6,2.0,1.4,2.8,0.4,0.4,0.4,0.6,2.2,2.4,3.4,3.6,1.2,1.2,1.4,5.0,5.0,0.4,1.2,1.2,3.6,1.8,1.4,1.4,2.0
0839000486,30058122,4/17/2020,0.6,0.4,0.4,0.4,1.0,0.6,0.4,0.4,0.4,1.4,1.4,1.4,3.8,1.6,1.4,1.4,1.4,1.4,1.4,2.0,1.4,4.0,0.6,3.0,2.4,0.4,2.2,0.8,0.4,0.6,0.4,0.4,1.0,1.8,4.2,1.4,1.4,1.4,3.8,1.6,5.0,7.6,3.0,5.4,2.0,1.2,0.6,0.4
0839000486,30058122,4/16/2020,0.6,1.2,0.4,0.4,0.6,0.6,1.0,0.4,0.4,0.4,0.6,0.4,0.4,1.2,2.0,2.2,2.0,0.6,0.4,0.4,0.6,1.0,1.0,0.4,0.4,0.4,2.0,1.2,1.4,1.4,1.4,1.6,2.2,2.0,3.8,1.2,4.6,3.0,2.2,3.2,4.0,1.4,1.4,5.2,4.4,2.6,1.4,1.6
0839000486,30058122,4/15/2020,0.8,1.0,0.4,0.4,0.4,0.6,1.4,1.4,1.4,1.4,1.4,2.0,1.4,1.4,1.4,1.4,2.4,1.8,2.2,3.4,1.8,1.4,0.4,0.4,0.4,0.4,3.0,1.6,1.4,1.4,2.2,3.0,1.4,2.8,1.4,2.2,5.8,1.4,1.6,2.0,1.6,1.4,1.4,4.0,4.8,1.4,3.4,3.8
0839000486,30058122,4/14/2020,0.6,0.4,0.4,0.4,0.6,0.4,1.0,0.4,0.6,0.6,0.4,0.4,0.4,0.6,0.8,1.4,2.0,1.4,1.4,1.4,3.6,1.6,2.4,1.4,0.8,1.0,3.0,1.4,0.4,0.4,1.2,0.6,3.6,1.4,4.4,3.6,5.2,3.0,2.6,1.4,4.2,1.4,2.2,4.0,1.8,1.4,1.4,1.4
0839000486,30058122,4/13/2020,0.4,0.4,0.6,0.6,0.4,1.0,0.4,0.6,0.4,0.4,0.4,0.6,1.4,2.8,1.6,1.4,1.4,1.4,2.8,1.4,3.2,1.6,3.8,1.8,1.0,0.4,2.6,1.8,0.8,1.4,2.6,0.4,0.4,0.6,0.8,3.8,1.4,1.6,2.0,5.2,5.4,2.4,2.6,1.0,0.6,1.2,1.8,1.2
0839000486,30058122,4/12/2020,1.4,0.4,0.4,0.4,0.6,0.4,0.4,0.4,0.4,1.0,0.4,0.4,0.4,0.4,0.6,0.8,1.4,2.4,2.0,0.4,1.4,1.0,0.4,0.4,0.4,0.4,3.0,3.0,1.4,1.8,4.2,1.6,2.2,1.4,2.8,6.0,3.0,1.4,1.4,2.4,1.6,1.4,1.8,4.8,5.4,0.4,1.6,0.4
0839000486,30058122,4/11/2020,1.4,1.4,1.2,1.2,1.8,1.2,1.2,1.2,1.0,0.2,0.2,0.2,0.2,0.4,0.2,1.6,1.2,1.2,2.8,2.4,1.2,0.4,0.8,0.4,0.4,2.6,0.4,0.4,0.4,0.4,2.2,1.2,1.0,1.4,0.6,2.2,0.4,0.6,0.6,1.6,3.2,3.0,2.8,2.4,1.4,1.4,1.4,1.6
0839000486,30058122,4/10/2020,3.6,1.4,3.6,2.2,0.6,2.6,0.8,2.0,2.2,0.6,3.2,1.8,1.2,2.6,2.4,1.2,2.8,2.2,1.6,4.8,5.4,2.6,2.6,0.6,6.6,3.2,1.0,2.8,5.0,2.0,1.8,1.8,0.4,1.2,2.2,5.2,2.4,3.0,3.8,2.2,2.8,0.8,0.4,0.2,0.2,0.6,1.8,0.8
0839000486,30058122,4/9/2020,0.6,2.2,0.2,0.2,0.2,1.2,1.8,0.4,1.4,2.0,3.2,1.6,1.2,1.2,2.0,3.0,1.2,2.8,0.6,1.0,2.6,0.6,1.0,2.0,0.4,0.2,1.2,3.2,0.4,0.4,1.0,3.4,5.2,3.8,0.2,1.0,2.2,3.8,4.8,5.6,1.0,0.6,3.8,3.0,1.2,3.2,2.2,1.8
0839000486,30058122,4/8/2020,1.6,0.4,0.4,0.2,2.4,1.4,0.4,0.2,1.8,1.2,0.4,0.4,1.2,2.2,1.2,0.4,3.4,2.0,0.2,1.4,0.4,0.2,0.2,0.2,0.4,0.2,2.2,2.0,1.4,4.0,3.4,0.2,1.0,0.8,0.4,1.8,3.8,0.4,1.0,0.4,1.8,5.0,0.8,5.4,3.8,0.2,0.2,1.2
0839000486,30058122,4/7/2020,2.4,1.0,0.2,0.8,2.8,0.4,1.0,1.2,3.2,2.4,1.2,0.2,1.6,1.6,0.4,0.8,1.4,2.0,2.0,1.4,0.4,0.4,0.2,0.2,0.8,3.8,5.2,0.6,0.6,3.4,5.2,5.0,5.0,2.6,4.2,2.6,5.0,2.2,1.4,3.4,0.4,1.6,3.4,5.2,5.0,0.6,1.2,1.2
0839000486,30058122,4/6/2020,3.0,0.6,0.4,0.2,1.8,1.0,0.4,0.4,2.4,1.2,0.4,0.4,2.6,0.6,1.6,1.2,2.4,2.2,5.6,1.8,0.4,0.6,0.8,0.6,0.4,4.6,2.2,0.8,1.0,1.0,0.4,0.4,0.2,0.8,0.4,1.4,1.2,0.4,0.4,0.2,0.8,0.4,0.6,0.6,3.0,0.4,0.2,0.4
0839000486,30058122,4/5/2020,1.6,0.8,1.6,2.0,0.2,1.6,1.8,0.4,1.8,1.8,0.4,2.4,2.2,0.2,4.2,1.4,0.4,3.6,1.6,1.4,0.4,2.6,1.6,0.8,0.4,2.6,2.4,3.4,2.2,0.8,1.2,0.4,0.2,1.0,3.2,0.2,0.6,2.8,4.2,4.8,0.2,1.0,0.2,1.4,2.2,3.4,0.4,0.2
0839000486,30058122,4/4/2020,2.8,0.4,1.0,2.0,1.6,0.4,0.8,2.8,0.4,0.4,2.8,1.4,0.4,2.6,2.6,1.0,4.4,3.4,1.4,1.0,3.2,0.2,0.2,0.4,2.8,0.8,4.2,2.6,2.6,2.4,0.8,0.4,2.8,2.8,1.8,2.4,2.4,1.6,1.6,1.4,3.2,3.2,3.6,2.4,3.2,1.4,0.2,1.8
0839000486,30058122,4/3/2020,2.8,0.4,1.0,2.6,0.2,2.4,1.8,0.2,2.6,1.2,1.2,4.0,3.2,4.4,3.6,1.4,5.0,2.2,1.8,1.0,1.6,1.6,0.0,0.8,2.4,0.2,1.4,1.4,5.8,0.2,0.4,0.4,1.0,0.2,0.4,3.4,0.4,0.2,0.8,3.4,1.8,0.2,1.8,3.0,3.0,2.2,1.4,0.6
0839000486,30058122,4/2/2020,0.4,1.4,3.0,0.4,2.2,2.0,0.6,2.8,2.0,1.2,2.8,1.6,3.6,4.6,1.8,2.2,5.0,1.0,2.4,4.4,0.2,1.2,2.8,1.0,3.4,2.8,2.2,4.8,2.0,1.0,0.4,2.0,0.4,3.6,5.0,0.4,2.8,1.8,4.4,2.2,0.4,5.8,2.4,1.6,0.4,2.6,1.2,0.6
0839000486,30058122,4/1/2020,2.6,1.8,0.4,2.6,2.0,1.0,2.6,2.8,0.4,2.4,2.6,0.6,2.0,4.6,1.6,1.8,3.4,2.2,1.8,3.2,2.4,1.2,2.6,0.2,1.6,2.0,0.8,2.0,4.4,1.8,2.8,1.2,0.2,0.4,4.8,1.8,1.2,1.8,3.2,1.0,2.4,3.6,2.8,2.8,2.8,0.6,2.4,6.4
0839000486,30058122,3/31/2020,0.4,0.2,1.0,3.0,1.6,1.2,3.6,1.4,1.0,3.4,1.6,1.0,3.2,1.4,1.6,2.2,1.2,0.4,2.0,1.4,0.2,1.6,1.8,0.8,0.2,2.4,2.6,1.6,1.4,3.0,1.0,1.6,2.2,7.2,3.8,1.8,5.6,1.0,1.0,5.2,1.8,1.0,4.2,6.8,5.0,7.2,2.6,1.0
0839000486,30058122,3/30/2020,0.8,0.4,0.4,3.2,0.6,0.2,0.8,2.4,0.2,0.2,2.0,1.4,0.2,0.4,3.4,0.4,0.2,1.4,1.8,1.0,2.2,2.8,2.2,0.4,0.2,0.2,1.6,2.8,1.0,2.4,0.4,1.8,0.2,2.8,0.4,1.0,2.2,0.2,0.4,0.4,0.8,1.0,3.6,4.6,0.2,0.2,1.4,2.8
0839000486,30058122,3/29/2020,0.2,0.2,2.6,0.8,0.2,2.2,2.0,0.4,1.0,2.6,0.2,0.6,3.6,0.6,0.4,3.2,3.0,1.0,4.0,3.6,1.2,1.2,2.4,2.8,1.2,1.4,3.6,3.8,3.0,0.8,0.2,1.2,0.4,1.6,2.2,0.4,1.0,0.4,0.2,3.4,0.8,1.2,5.4,2.6,1.0,1.0,1.2,3.8
0839000486,30058122,3/28/2020,0.4,2.2,1.0,0.2,0.2,1.6,2.2,0.2,0.2,2.0,1.4,0.2,0.2,3.0,0.4,0.2,1.0,3.8,2.2,0.8,2.8,1.6,0.4,0.6,0.2,2.8,1.6,1.4,0.2,2.4,3.2,0.2,0.2,1.4,4.2,7.2,0.2,1.0,0.8,3.6,1.4,1.2,2.4,4.6,1.8,0.4,1.2,2.4
0839000486,30058122,3/27/2020,2.0,0.2,1.0,2.8,0.2,1.2,3.6,1.8,1.6,3.0,2.6,1.2,1.8,2.6,0.4,0.4,2.8,2.6,0.2,0.2,0.2,0.2,0.4,0.2,0.4,3.0,0.6,2.0,0.2,2.4,0.4,0.2,0.2,0.2,3.6,2.0,1.2,4.2,2.4,1.6,0.2,3.2,1.4,1.4,1.4,1.6,0.2,1.0
0839000486,30058122,3/26/2020,0.4,2.6,2.8,0.2,2.0,2.6,0.8,1.4,2.6,1.8,1.0,2.6,2.6,0.6,1.4,2.6,1.6,0.4,2.6,3.2,0.8,0.6,2.6,1.2,0.2,1.6,3.4,1.0,2.2,2.8,2.0,1.8,0.4,1.6,2.4,1.6,5.2,1.0,1.6,2.4,1.2,1.0,2.2,2.6,2.2,1.0,0.4,2.2
0839000486,30058122,3/25/2020,1.4,2.6,0.4,1.0,3.2,0.8,1.2,3.8,4.0,2.0,4.0,1.2,0.6,2.6,2.0,0.2,3.0,2.4,0.2,3.8,2.2,0.2,1.6,2.8,0.4,1.2,4.4,1.0,0.6,3.4,2.6,1.6,3.0,3.2,0.4,3.0,3.2,1.6,2.6,6.2,4.4,2.2,2.2,3.6,1.4,1.0,3.2,1.6
0839000486,30058122,3/24/2020,1.8,6.2,7.4,5.6,0.4,2.2,3.6,1.8,0.8,2.6,2.8,2.2,1.8,3.6,2.6,0.8,1.4,2.6,2.4,2.2,1.6,2.6,0.8,1.6,2.6,1.0,1.4,4.0,1.0,0.2,1.4,4.0,0.4,3.4,1.6,3.0,2.4,1.4,7.4,2.4,2.0,4.2,3.2,4.8,2.8,1.8,3.0,0.2
0839000486,30058122,3/23/2020,1.2,2.6,1.8,1.4,3.6,3.2,1.6,3.2,3.6,1.6,2.4,3.4,2.0,4.4,4.2,2.8,0.8,1.8,6.0,4.8,1.6,3.4,2.4,1.0,3.2,2.2,2.4,2.6,2.0,2.4,2.4,1.6,0.4,7.0,2.8,1.2,3.8,3.2,2.8,2.4,2.6,0.4,2.0,4.0,5.8,0.8,2.6,3.6
0839000486,30058122,3/22/2020,0.4,1.4,2.8,1.0,0.8,2.6,1.4,0.6,3.2,1.8,0.4,2.6,3.4,1.4,3.0,5.2,3.0,3.0,3.2,2.0,1.8,2.0,2.6,0.4,1.0,3.8,2.2,1.4,3.0,1.2,0.2,0.4,2.8,4.0,0.6,1.6,4.0,1.4,2.6,4.6,1.6,1.2,4.4,2.0,0.4,1.8,3.2,1.0
0839000486,30058122,3/21/2020,0.8,0.4,0.4,0.4,0.2,1.4,1.8,0.4,0.8,0.4,0.6,2.6,4.8,3.0,1.6,1.8,0.4,0.6,2.8,0.4,1.4,1.0,0.4,2.4,0.4,0.2,4.0,5.2,2.4,0.2,4.6,0.8,0.2,2.6,2.8,0.4,1.6,3.4,2.4,3.8,3.4,1.6,3.4,2.4,2.2,2.0,1.4,3.2
0839000486,30058122,3/20/2020,2.4,3.4,4.4,2.2,0.2,1.2,2.0,1.0,0.2,1.0,0.4,0.4,0.2,1.8,2.2,0.4,1.8,0.8,0.8,0.4,1.6,1.4,4.2,0.4,0.4,1.0,2.0,0.6,2.6,0.4,2.4,0.8,0.4,1.0,2.2,5.2,2.4,0.2,3.8,2.4,0.2,0.4,2.6,0.4,0.4,1.0,0.4,0.2
0839000486,30058122,3/19/2020,2.4,0.4,0.4,2.8,1.0,1.8,2.2,2.0,0.4,1.2,2.4,0.8,0.6,3.2,0.8,0.4,2.2,3.2,0.4,0.2,2.2,1.0,0.2,0.6,0.4,2.0,2.0,1.2,0.8,2.0,0.4,2.0,0.4,2.2,1.2,0.8,0.4,0.2,3.0,0.6,0.4,1.0,1.4,1.2,0.4,0.4,1.0,1.2
0839000486,30058122,3/18/2020,2.4,1.0,2.8,3.2,1.0,1.0,2.8,0.2,5.2,5.0,0.4,2.8,3.6,0.8,1.0,2.6,1.6,0.2,3.0,2.6,0.2,0.4,3.2,1.0,1.0,0.4,3.8,3.0,0.4,3.4,1.2,0.4,3.4,1.6,2.6,0.6,3.4,0.8,0.4,0.4,3.0,3.8,1.2,1.2,3.0,0.6,0.4,2.0
0839000486,30058122,3/17/2020,2.4,1.8,3.0,1.4,0.6,2.8,3.0,2.6,2.4,2.6,0.6,2.0,2.8,0.8,1.6,3.8,4.2,2.2,3.0,0.2,1.0,3.4,0.4,0.4,6.0,1.4,1.0,1.2,2.6,0.8,1.8,1.0,0.8,0.2,1.6,5.4,2.0,2.4,0.6,1.8,3.6,2.4,1.0,6.8,4.2,0.6,0.2,3.2
0839000486,30058122,3/16/2020,2.8,1.6,4.8,3.4,2.2,0.2,2.6,3.2,1.8,0.8,3.2,2.6,2.6,0.8,2.0,5.4,3.4,1.2,1.4,2.6,3.4,0.2,1.0,3.2,0.2,0.6,2.8,3.4,0.8,2.4,0.2,1.6,1.8,2.4,3.0,1.4,0.2,2.8,4.4,5.0,2.6,2.4,4.0,1.8,3.6,2.2,1.8,3.6
0839000486,30058122,3/15/2020,4.6,0.8,2.2,4.2,2.4,0.4,3.0,2.6,0.2,2.2,2.6,0.4,2.0,2.6,1.4,1.6,3.2,3.2,1.6,4.2,1.4,0.4,2.6,2.4,0.2,2.6,3.4,1.2,1.8,4.4,0.2,0.8,4.8,1.6,0.4,4.6,4.2,1.2,4.4,5.4,1.4,3.0,4.2,1.4,4.4,3.0,0.4,2.0
0839000486,30058122,3/14/2020,1.0,2.2,0.6,0.8,2.4,0.4,1.0,2.4,0.2,1.4,2.8,0.4,1.8,1.8,0.4,2.4,1.4,1.0,3.6,1.4,0.8,0.6,4.8,1.4,0.2,1.0,3.8,2.0,2.4,0.2,2.4,1.4,1.0,5.4,4.8,1.6,1.2,6.6,4.8,0.4,2.0,2.6,1.4,2.2,1.0,3.6,0.6,1.4
0839000486,30058122,3/13/2020,2.4,1.6,2.0,0.8,2.6,0.2,0.4,3.2,0.8,0.4,2.0,1.4,0.8,1.4,2.0,0.2,0.4,3.0,0.8,1.8,0.4,0.2,0.2,0.8,2.6,1.0,5.0,1.2,2.2,0.4,1.2,2.2,0.2,1.4,1.0,0.4,3.8,1.4,8.2,5.0,4.0,6.0,3.6,1.0,0.8,1.8,1.2,0.2
0839000486,30058122,3/12/2020,1.4,1.2,4.4,2.0,1.2,3.4,2.0,1.6,3.8,2.0,0.2,2.4,1.4,0.2,2.2,1.8,0.4,1.8,1.8,2.4,0.2,1.2,2.6,0.2,0.2,2.2,1.8,1.0,0.2,2.4,1.4,0.8,0.6,2.2,0.4,2.4,0.6,1.8,3.6,0.4,4.0,1.8,0.4,1.0,0.6,2.8,0.4,0.2
0839000486,30058122,3/11/2020,2.2,1.0,0.4,0.2,2.4,1.6,0.4,3.0,3.6,2.4,0.6,2.8,1.6,0.2,1.4,2.2,0.2,1.0,2.8,0.6,0.4,2.0,2.0,1.2,0.4,3.8,3.4,0.4,0.8,1.8,1.4,0.0,2.0,3.4,4.6,3.2,1.2,3.6,1.2,1.6,2.6,3.2,2.8,3.6,2.8,2.6,3.0,3.4
0839000486,30058122,3/10/2020,2.4,0.6,0.8,0.6,1.0,2.4,0.8,0.4,0.4,1.4,1.8,0.4,2.4,1.4,1.8,1.0,0.2,1.6,1.6,2.4,0.2,0.2,0.6,2.6,2.6,3.2,0.2,1.0,0.2,0.2,0.4,2.2,0.4,0.0,1.6,2.0,2.4,0.2,0.8,1.2,1.4,3.0,2.2,0.4,0.6,0.6,1.0,1.0
0839000486,30058122,3/9/2020,1.4,0.8,2.8,1.4,0.4,2.6,1.4,1.0,2.6,1.8,0.4,2.6,2.4,1.0,2.4,2.6,1.2,0.4,3.4,4.0,0.4,0.8,0.8,2.4,3.0,2.0,0.4,2.6,0.2,2.4,2.0,0.6,0.2,0.4,2.0,0.4,2.4,0.4,2.8,0.4,7.6,1.2,1.2,0.6,1.0,1.2,0.4,1.6
0839000486,30058122,3/8/2020,1.4,2.6,2.6,2.4,-,-,1.2,2.4,2.6,2.6,2.6,1.0,2.2,3.4,6.4,3.8,4.8,4.8,3.8,2.8,1.8,0.2,2.0,2.2,0.4,1.6,1.8,2.2,2.2,1.0,0.2,2.6,1.8,0.4,2.4,0.4,0.6,0.6,5.0,0.8,0.4,4.2,1.8,0.2,2.4,1.8,2.6,2.6
0839000486,30058122,3/7/2020,3.4,2.8,1.6,2.6,2.6,1.4,1.8,3.0,3.6,2.2,2.6,4.4,3.4,3.4,2.2,1.0,2.6,4.0,0.2,2.6,2.6,1.8,1.0,2.8,2.4,2.6,5.0,0.2,1.0,2.4,0.2,2.4,4.8,2.0,5.2,5.6,4.4,2.4,2.8,5.2,2.6,2.0,2.4,2.6,0.4,3.0,2.6,1.8
0839000486,30058122,3/6/2020,0.6,2.6,2.6,3.0,0.8,1.8,3.0,2.6,2.6,0.4,5.2,4.8,2.8,2.6,3.0,1.2,1.8,2.6,4.2,0.2,2.2,2.6,1.4,6.6,5.0,0.4,3.4,2.2,1.2,2.0,5.8,4.8,1.2,2.6,1.6,3.4,3.4,1.8,2.6,5.2,2.4,5.0,3.4,2.0,3.2,3.4,2.2,2.4
0839000486,30058122,3/5/2020,1.4,0.4,2.8,1.6,0.2,2.6,1.8,1.8,3.2,3.2,0.2,2.4,2.6,1.6,1.2,2.6,2.0,2.2,1.0,2.6,0.8,0.2,2.6,1.4,1.2,2.6,2.8,0.2,0.6,2.8,5.2,0.4,1.8,2.8,3.0,0.6,6.8,1.0,0.4,4.4,2.0,0.2,2.4,3.2,0.4,1.8,2.6,1.8
0839000486,30058122,3/4/2020,0.4,2.4,2.6,0.4,1.6,2.8,0.6,1.6,3.2,1.4,2.6,3.2,0.8,1.2,2.6,1.4,2.0,2.8,1.2,0.2,1.6,1.8,0.2,1.2,2.4,3.4,1.8,4.8,0.2,0.2,4.4,2.6,0.6,2.0,3.8,3.2,2.6,0.8,3.2,2.6,3.0,2.0,3.4,0.8,2.6,1.0,0.6,2.4
0839000486,30058122,3/3/2020,0.4,2.2,2.2,0.4,2.0,2.2,0.4,1.8,2.6,2.8,2.0,3.6,0.4,1.2,2.6,0.6,1.4,4.0,0.6,0.4,1.8,2.4,0.2,2.2,4.0,0.2,0.8,2.6,0.6,0.2,0.2,1.6,0.2,0.2,0.4,3.6,4.6,4.0,3.6,3.0,3.0,1.2,2.0,2.0,1.8,0.4,1.6,2.8
0839000486,30058122,3/2/2020,3.4,2.6,1.4,2.6,3.2,2.8,1.2,1.6,2.6,3.2,2.8,2.6,1.6,1.2,2.6,2.6,2.4,0.4,4.2,1.8,0.2,2.0,2.6,0.4,2.2,5.4,0.4,0.6,3.4,0.2,1.4,4.0,2.0,0.8,4.0,3.6,1.8,1.0,0.8,3.6,2.0,0.2,0.4,2.8,1.2,0.2,3.0,1.2
0839000486,30058122,3/1/2020,2.6,2.8,2.6,3.0,2.6,2.4,2.6,2.4,2.4,4.0,3.2,4.6,3.2,4.8,4.4,3.8,4.6,3.0,4.8,2.8,3.2,2.6,2.8,2.8,2.8,5.2,3.0,3.6,1.2,0.2,2.6,2.8,0.6,0.2,2.4,4.0,0.8,1.4,2.6,4.2,0.6,1.4,2.6,2.8,4.4,2.0,4.0,3.6
0839000486,30058122,2/29/2020,3.2,3.0,2.6,4.2,3.6,3.4,3.4,3.8,3.4,3.4,3.4,3.2,3.4,3.6,2.6,2.4,2.4,4.2,2.6,3.0,2.4,2.6,2.6,2.4,2.8,4.6,6.2,3.4,6.0,3.4,3.4,3.4,3.8,2.6,2.6,4.8,3.2,2.6,3.2,4.8,3.2,2.6,2.4,2.6,2.6,3.0,2.6,2.6
0839000486,30058122,2/28/2020,2.6,2.6,3.2,2.6,3.0,2.6,2.6,2.6,3.2,4.4,2.8,2.4,2.4,2.4,2.4,2.8,3.0,2.6,2.4,4.0,3.2,2.6,2.6,0.2,2.2,2.4,3.8,1.4,2.2,2.6,0.6,2.2,4.6,1.4,6.6,4.4,4.4,1.8,2.6,5.0,4.2,1.4,2.8,3.4,3.4,3.4,4.0,3.6
0839000486,30058122,2/27/2020,1.2,2.4,2.8,1.0,2.2,2.8,1.4,1.8,2.8,3.4,2.4,1.2,3.2,2.6,2.4,5.2,3.8,4.0,4.6,0.8,2.4,3.6,4.2,1.6,4.6,4.2,3.6,2.6,0.8,1.8,4.2,3.2,0.8,3.0,3.4,3.4,4.0,3.4,6.4,4.2,3.2,2.4,2.6,3.0,2.4,2.6,2.6,2.6
0839000486,30058122,2/26/2020,1.2,2.2,0.2,1.6,1.6,0.2,2.4,0.8,0.4,3.4,0.4,1.0,2.8,0.4,1.8,1.4,0.2,2.8,0.4,2.2,2.8,3.0,1.2,2.2,3.2,2.6,1.4,1.8,5.0,2.8,1.6,0.6,4.4,1.6,3.4,3.4,1.0,2.4,2.6,3.6,3.0,2.8,2.0,0.4,2.8,0.8,1.2,2.8
0839000486,30058122,2/25/2020,2.2,1.8,3.6,2.0,1.6,3.0,0.6,1.2,2.8,1.0,3.4,2.4,0.2,2.2,1.6,0.8,2.8,1.2,1.2,3.2,0.2,1.2,2.2,4.4,3.0,1.4,0.2,2.6,1.0,0.2,2.0,1.0,1.8,2.4,0.8,0.6,5.4,2.8,1.8,0.8,3.2,2.2,1.2,3.4,1.0,0.8,2.6,0.8
0839000486,30058122,2/24/2020,2.6,1.4,1.8,2.6,2.6,1.6,1.2,3.0,2.8,3.4,2.6,2.4,1.0,1.8,3.4,2.6,2.6,1.2,2.6,2.6,0.6,1.2,2.6,0.2,1.0,5.2,0.2,0.2,2.8,2.2,0.6,3.2,1.8,1.8,5.8,2.0,1.0,1.4,2.2,3.8,2.0,3.4,2.2,1.8,3.0,2.6,1.2,3.2
0839000486,30058122,2/23/2020,1.0,2.6,2.6,2.6,2.6,3.0,3.2,3.4,3.8,2.6,2.6,2.4,2.4,2.8,2.6,2.4,2.4,4.4,2.8,1.8,0.6,2.6,3.0,0.2,2.8,3.6,0.8,3.6,0.2,0.2,0.8,4.2,1.0,1.0,5.4,4.0,1.4,2.4,4.0,2.0,2.8,2.4,1.6,1.0,2.6,2.2,0.4,2.8
0839000486,30058122,2/22/2020,2.6,2.4,2.4,2.4,3.0,2.8,2.4,2.4,2.4,2.4,2.4,3.8,3.0,3.8,3.6,2.4,3.2,3.4,3.8,3.2,2.6,2.6,2.8,2.0,0.8,6.6,2.4,0.2,2.8,1.8,0.4,0.6,2.6,2.0,5.8,5.6,3.0,2.4,5.0,6.0,2.4,2.6,3.2,2.0,2.2,2.6,2.6,2.6
0839000486,30058122,2/21/2020,4.0,3.4,3.8,4.2,3.4,2.4,2.4,2.4,2.4,2.4,2.8,2.6,3.8,4.4,2.4,4.8,3.6,3.8,4.2,2.4,2.4,3.8,2.4,2.6,4.4,4.2,2.4,3.0,4.2,4.8,5.4,3.0,3.4,3.2,3.4,5.0,3.4,3.4,3.6,9.6,7.8,2.6,3.8,3.2,3.2,3.4,3.2,2.4
0839000486,30058122,2/20/2020,1.6,2.6,2.6,2.6,2.8,2.8,4.6,3.6,2.8,3.4,4.6,3.4,3.4,3.4,3.4,3.4,2.4,1.2,2.6,3.2,2.6,2.6,2.8,2.8,3.0,2.4,2.4,2.0,1.0,2.4,2.4,2.4,3.6,2.6,1.8,2.4,2.6,3.8,3.6,2.6,2.6,2.6,3.0,2.6,3.2,4.6,4.2,3.4
0839000486,30058122,2/19/2020,0.4,0.6,3.2,0.4,1.0,3.2,0.6,2.8,2.6,0.4,1.8,3.0,0.2,2.2,2.4,0.2,2.4,4.8,0.4,1.6,2.6,1.2,1.2,2.8,0.8,5.2,2.8,0.2,1.4,2.6,0.2,1.2,1.8,0.2,4.6,4.6,1.6,1.4,3.4,1.8,1.8,3.6,1.8,0.4,3.0,2.6,2.8,1.4
0839000486,30058122,2/18/2020,1.4,2.6,2.2,0.4,2.6,2.6,0.6,1.8,2.6,2.0,1.2,5.6,3.2,1.0,2.4,2.6,1.8,6.6,3.6,2.0,0.6,2.6,0.6,1.0,2.4,2.6,2.6,1.8,1.0,0.2,2.6,0.4,0.2,2.6,4.8,3.2,2.2,2.6,3.4,2.0,2.2,2.0,1.2,2.4,3.2,0.6,0.6,2.6
0839000486,30058122,2/17/2020,1.6,3.0,2.6,1.0,1.6,2.6,2.8,0.6,3.0,3.4,3.6,1.6,2.8,3.4,3.6,2.6,2.2,3.2,2.0,0.2,4.2,2.0,0.2,2.2,1.8,4.4,4.0,1.6,1.2,1.2,2.0,3.2,0.0,0.4,6.6,5.0,1.6,3.2,2.4,4.6,5.6,4.4,2.4,4.2,0.8,1.2,2.6,1.4
0839000486,30058122,2/16/2020,3.6,2.6,2.6,2.4,2.6,2.8,2.8,2.4,2.6,2.6,2.4,2.8,4.0,4.6,5.2,3.2,3.4,3.4,3.4,5.4,3.0,2.6,1.2,2.4,2.6,5.4,0.6,2.8,1.4,1.4,2.8,0.6,1.4,3.2,1.6,5.6,2.8,1.4,5.8,5.4,1.2,2.6,3.2,2.0,0.6,2.6,2.6,1.6
0839000486,30058122,2/15/2020,2.4,2.4,2.2,3.8,5.4,3.2,5.2,3.2,5.0,5.0,5.2,4.0,5.2,5.0,6.2,4.4,3.8,3.2,3.8,5.4,2.6,2.8,2.4,3.0,2.4,3.6,4.0,2.4,2.6,4.6,7.0,5.4,5.6,4.6,2.0,4.6,7.0,4.2,4.6,5.2,2.4,2.4,2.6,2.8,5.8,2.4,2.6,2.4
0839000486,30058122,2/14/2020,3.6,2.0,3.0,3.4,3.6,1.8,3.0,3.4,4.0,3.4,3.4,0.4,2.6,2.4,2.4,2.6,2.6,1.8,1.4,3.8,3.2,2.6,0.8,1.8,3.0,4.8,2.6,2.4,3.2,1.6,1.2,2.8,2.4,5.2,7.6,4.4,3.4,4.2,3.4,3.4,3.2,5.2,3.4,3.2,3.2,3.0,2.4,3.0
0839000486,30058122,2/13/2020,0.6,2.6,2.6,0.4,2.2,2.6,2.0,1.2,2.6,2.4,0.4,4.2,4.6,1.4,4.4,3.0,3.4,6.0,1.0,2.4,2.8,0.2,1.6,2.4,0.2,4.0,1.8,0.2,1.4,2.0,1.0,1.6,3.4,4.8,2.6,2.8,1.2,4.0,3.0,0.6,3.8,2.4,0.2,2.4,2.8,1.8,4.0,3.4
0839000486,30058122,2/12/2020,2.8,1.2,3.2,2.8,1.2,3.4,2.0,0.4,2.6,2.2,0.4,2.6,2.6,0.4,3.8,3.8,2.8,0.8,2.6,2.6,1.8,2.2,1.8,0.2,2.2,2.8,2.4,2.2,2.0,0.4,2.4,2.0,0.2,2.0,3.6,1.0,2.2,2.8,2.0,3.4,5.2,0.6,2.6,4.0,0.4,1.8,3.0,1.8
0839000486,30058122,2/11/2020,1.0,2.8,0.4,1.6,2.4,0.2,2.0,2.4,0.2,4.0,5.8,2.8,3.6,3.8,1.8,3.6,4.6,2.4,3.0,1.4,4.8,1.8,0.8,1.2,2.0,1.4,3.2,2.2,0.4,1.2,2.8,0.2,0.0,4.2,5.4,1.2,3.6,2.4,1.6,4.0,0.4,1.2,2.4,0.8,4.8,3.4,1.4,3.6
0839000486,30058122,2/10/2020,2.0,2.6,2.6,0.6,2.0,3.2,1.6,1.0,2.6,2.8,0.4,2.2,3.4,3.0,1.8,6.4,4.4,0.6,2.0,2.6,1.6,1.4,2.8,3.2,1.4,2.4,2.6,1.0,3.6,2.6,0.8,5.0,3.2,1.2,3.2,8.2,3.6,3.0,4.2,1.2,3.2,2.4,0.6,4.4,1.0,0.8,2.8,1.6
0839000486,30058122,2/9/2020,1.8,4.0,3.4,3.4,3.4,3.4,3.4,3.4,3.8,3.4,3.2,5.4,3.4,3.4,3.0,2.4,2.4,3.2,3.8,2.6,2.6,0.4,2.6,2.8,1.0,3.2,2.8,2.0,1.0,2.6,1.2,4.6,3.4,1.2,2.4,3.0,2.0,2.2,3.4,3.4,3.2,3.4,3.0,1.2,5.2,2.6,2.6,1.4
0839000486,30058122,2/8/2020,3.4,3.4,3.8,3.4,3.4,2.6,3.0,3.4,3.2,4.6,8.0,5.0,4.0,2.4,2.4,2.4,2.4,3.0,2.8,2.4,2.6,2.6,2.6,2.6,0.6,4.6,2.6,1.0,2.6,1.4,2.4,3.0,0.2,1.8,5.4,2.2,3.4,3.6,3.6,2.6,3.2,3.8,3.6,2.0,4.6,6.2,3.4,3.4
0839000486,30058122,2/7/2020,2.0,0.8,3.0,2.2,1.6,1.8,0.8,2.6,0.8,0.4,3.6,0.2,0.8,2.6,0.8,0.2,2.8,0.2,1.2,2.6,1.4,1.8,2.4,0.2,3.2,3.6,1.2,3.4,0.8,1.8,2.6,1.4,7.6,3.0,5.2,5.8,5.2,4.8,7.2,3.4,3.8,4.2,6.0,5.8,2.4,3.6,3.4,3.4
0839000486,30058122,2/6/2020,3.8,3.4,1.8,1.0,2.4,2.6,1.2,2.2,3.0,2.6,0.4,2.8,2.4,2.4,0.2,2.4,2.6,2.0,0.6,3.0,3.2,0.8,1.6,2.6,2.2,0.4,2.8,3.0,7.4,6.0,2.0,7.2,8.4,7.2,3.4,4.2,5.8,5.8,2.8,6.2,4.2,1.0,3.6,1.0,1.0,2.8,0.6,2.6
0839000486,30058122,2/5/2020,0.2,0.0,2.6,0.4,0.0,0.2,2.2,0.8,1.6,2.8,3.8,0.6,0.2,1.2,2.4,0.2,1.0,2.4,0.4,1.2,2.4,0.6,1.2,2.4,1.6,0.8,2.4,1.2,0.8,4.0,5.4,0.6,3.2,2.6,1.4,2.0,3.2,2.0,3.8,4.2,1.4,3.4,6.0,2.2,3.0,3.4,3.4,1.2
0839000486,30058122,2/4/2020,1.4,1.6,0.2,0.2,2.0,0.8,0.2,0.6,2.4,0.2,0.2,2.2,1.2,0.0,0.8,2.4,0.0,0.2,2.6,1.2,0.0,0.2,2.2,1.2,1.2,1.0,2.6,2.6,1.0,1.4,1.2,2.0,1.6,1.4,1.0,0.2,0.6,2.2,1.2,1.8,1.6,0.4,0.4,0.2,0.0,2.2,1.2,0.2
0839000486,30058122,2/3/2020,2.0,1.0,3.8,1.8,1.0,3.0,2.4,1.0,2.2,3.0,1.0,2.6,3.4,1.2,2.0,3.6,2.0,0.6,2.4,0.8,0.2,2.2,1.0,0.2,1.2,2.2,0.0,0.2,0.4,3.2,1.6,0.0,0.2,2.6,0.2,0.6,2.0,0.8,0.2,0.4,2.8,0.2,0.4,0.4,1.0,2.0,0.2,0.6
0839000486,30058122,2/2/2020,2.0,3.4,2.8,1.4,3.4,3.4,3.4,1.4,4.8,4.0,4.6,1.4,2.4,2.4,4.6,4.4,2.4,2.4,1.4,2.4,2.6,1.4,1.6,2.4,2.4,0.0,2.2,3.0,0.4,2.4,1.8,0.6,1.0,2.6,0.2,2.4,1.4,1.2,2.6,0.8,1.2,2.6,0.2,1.0,3.2,3.2,1.4,3.4
0839000486,30058122,2/1/2020,3.2,3.6,3.2,1.2,3.8,3.0,2.8,4.6,2.4,2.2,4.2,2.8,2.2,3.6,3.6,2.2,3.4,3.4,2.4,2.4,0.2,2.0,2.4,1.0,0.8,2.6,1.8,1.4,2.6,0.2,0.6,2.8,4.6,6.0,4.8,1.8,1.2,4.0,4.0,1.6,3.6,2.2,3.0,6.6,1.2,2.6,3.4,2.6
0839000486,30058122,1/31/2020,3.4,3.4,3.4,3.8,3.4,3.4,3.2,3.4,5.0,2.4,3.0,2.4,2.8,2.4,2.4,2.4,2.2,3.0,2.4,0.2,2.0,2.4,2.4,1.8,1.0,2.4,3.0,0.8,1.0,2.6,2.2,1.0,3.8,2.8,1.0,2.0,3.2,1.8,1.2,2.6,2.6,2.2,3.4,1.6,1.6,4.0,3.4,1.6
0839000486,30058122,1/30/2020,2.4,2.4,2.2,3.4,3.4,3.8,3.4,5.2,4.0,3.4,3.0,2.2,2.4,2.8,2.2,2.8,2.4,2.2,2.2,2.4,2.2,2.8,2.6,2.6,2.6,0.2,2.2,3.0,2.4,0.2,2.4,3.2,2.4,3.4,5.4,4.2,1.0,3.0,4.0,4.0,2.8,1.6,3.4,3.4,3.6,4.0,2.2,2.8
0839000486,30058122,1/29/2020,2.0,2.4,3.0,1.0,1.6,2.4,2.4,3.0,1.0,3.8,3.4,3.2,2.4,2.8,1.0,2.4,2.4,2.6,0.8,2.4,2.6,1.6,1.0,2.4,2.4,1.0,2.0,2.4,1.8,0.4,2.4,2.0,0.6,4.4,4.8,1.4,3.4,4.0,1.8,2.0,3.4,3.6,3.0,1.0,3.0,2.4,2.4,2.4
0839000486,30058122,1/28/2020,2.4,0.8,1.6,2.4,3.0,2.4,0.0,2.2,2.6,2.4,1.6,1.6,2.4,2.4,2.4,1.4,1.8,2.6,3.0,3.0,1.4,2.4,3.0,0.6,1.8,2.4,3.0,0.8,2.0,2.6,0.6,2.2,3.0,2.6,2.2,3.6,3.8,1.6,3.6,3.4,2.2,3.2,3.4,1.0,1.4,2.4,2.4,0.6
0839000486,30058122,1/27/2020,2.6,2.4,0.6,2.2,2.8,3.4,1.8,3.6,3.2,3.2,3.4,2.2,2.4,3.6,4.2,2.4,2.4,0.4,2.8,4.0,2.8,0.2,3.0,2.4,0.2,2.6,2.0,0.2,3.0,2.0,1.0,3.6,3.6,1.0,3.6,4.2,1.4,4.0,3.2,0.4,2.6,2.6,0.4,3.2,2.4,0.0,2.4,2.4
0839000486,30058122,1/26/2020,2.6,2.4,1.6,1.2,2.4,2.8,1.0,1.6,2.4,2.4,1.0,1.4,3.8,6.2,4.4,2.4,3.2,0.4,2.0,2.4,1.8,0.8,3.0,1.8,0.6,2.4,2.0,0.8,4.0,1.8,0.8,2.6,1.4,1.6,2.6,3.4,1.8,4.8,6.8,2.6,3.8,1.2,2.0,2.6,0.6,3.4,1.6,1.8
0839000486,30058122,1/25/2020,3.4,1.0,2.6,3.0,1.0,2.6,1.8,0.2,2.4,1.6,0.8,2.6,1.2,1.2,2.6,0.8,3.8,3.4,1.4,2.4,3.6,1.0,2.8,2.0,0.8,2.6,0.6,0.8,2.6,0.2,1.8,2.0,0.0,1.8,2.0,0.0,2.4,1.6,0.8,5.6,2.2,1.8,4.0,2.6,1.6,3.4,2.4,0.2
0839000486,30058122,1/24/2020,2.2,2.4,3.8,3.2,3.4,3.2,3.2,3.4,3.2,3.8,3.4,3.0,1.8,0.8,3.2,2.4,2.4,2.4,2.4,2.4,0.8,1.6,2.6,1.0,1.0,2.6,0.4,1.4,2.4,0.2,1.8,2.6,0.2,3.4,1.8,0.2,2.4,2.0,0.6,2.6,0.8,1.2,3.6,1.4,2.4,4.0,1.2,2.6
0839000486,30058122,1/23/2020,2.4,2.4,2.8,2.8,3.2,3.2,3.2,3.2,3.0,3.2,3.4,4.4,3.0,4.4,5.2,3.2,4.8,3.2,3.0,3.6,8.4,3.0,2.4,3.4,2.8,7.6,3.4,3.4,1.8,3.0,3.8,2.8,3.2,2.8,3.4,1.4,2.4,2.6,2.0,1.2,2.6,3.2,3.4,2.4,0.2,2.2,3.0,2.4
0839000486,30058122,1/22/2020,3.2,5.2,3.8,3.8,4.4,4.6,4.4,4.4,4.4,4.0,4.2,5.0,4.0,3.4,3.6,4.0,3.8,3.8,3.6,3.4,2.8,2.2,2.4,2.6,2.4,2.8,2.4,2.2,2.4,2.4,2.4,2.4,6.0,6.0,3.4,2.2,3.0,2.4,3.0,2.6,3.0,2.4,3.0,3.0,2.4,2.4,2.4,2.2
0839000486,30058122,1/21/2020,3.2,5.8,4.6,3.2,4.6,4.6,4.4,4.8,4.6,4.8,4.6,3.6,3.6,5.2,3.4,6.2,5.0,4.0,6.2,4.4,4.0,2.2,5.0,2.4,5.2,7.0,3.4,2.2,3.2,2.2,2.2,4.0,2.6,2.2,3.0,2.4,2.4,3.8,2.4,2.4,2.8,2.4,2.4,2.4,3.2,3.2,4.4,5.2
0839000486,30058122,1/20/2020,2.2,2.8,3.8,4.6,2.2,3.8,3.6,3.8,3.8,4.0,4.0,5.8,3.8,4.2,3.8,4.2,3.6,4.2,4.4,3.8,3.6,3.8,3.2,3.0,4.0,2.8,2.4,3.6,3.8,3.8,2.4,2.4,2.8,2.2,2.4,2.6,3.4,6.0,3.4,5.6,3.4,3.4,3.8,3.2,3.8,2.2,4.4,4.2
0839000486,30058122,1/19/2020,1.2,1.4,2.6,2.6,3.0,0.4,3.0,3.4,3.4,1.2,3.0,3.4,3.4,1.0,3.4,2.6,3.0,0.4,2.4,3.0,2.4,2.0,1.2,5.8,4.4,2.6,3.0,4.0,3.8,3.4,4.0,3.4,3.6,1.2,4.0,2.4,2.6,3.4,2.8,2.8,2.8,2.6,2.4,2.6,2.4,2.2,2.8,2.2
0839000486,30058122,1/18/2020,3.6,3.2,3.4,3.2,2.8,2.6,3.2,3.2,3.2,3.2,3.2,3.2,3.8,3.2,3.0,3.6,4.4,5.0,3.2,5.8,2.6,2.2,2.2,2.2,2.8,2.8,4.0,2.6,2.2,5.8,3.4,3.2,6.0,3.4,5.2,4.6,4.4,5.4,4.4,4.8,4.8,3.6,5.8,3.6,2.6,4.4,2.8,2.6
0839000486,30058122,1/17/2020,3.2,3.4,3.2,3.8,3.4,3.4,3.4,3.2,3.4,3.2,2.6,3.6,2.8,2.2,2.2,2.2,2.2,2.2,2.4,2.2,2.8,2.4,2.2,2.8,2.4,2.4,2.4,2.4,2.4,3.0,2.8,2.0,1.0,2.4,2.4,3.0,2.6,4.2,5.2,3.4,4.0,3.6,3.4,3.2,3.2,4.2,3.2,3.4
0839000486,30058122,1/16/2020,1.6,2.4,1.0,0.6,2.6,1.2,0.8,2.6,0.2,1.2,2.2,0.8,2.6,1.2,0.6,2.6,1.0,1.4,2.6,0.4,2.2,2.4,0.0,2.4,1.2,0.6,2.6,1.0,1.0,3.2,0.8,1.6,2.6,0.4,2.6,2.8,0.6,5.6,3.8,2.6,3.0,3.4,3.4,2.0,2.4,3.8,3.4,3.8
0839000486,30058122,1/15/2020,1.6,2.0,3.6,1.0,2.4,3.2,1.0,2.8,2.8,1.0,2.4,2.4,0.2,2.4,1.6,0.6,2.4,1.0,1.0,2.6,0.6,1.4,2.0,0.2,1.2,1.8,0.2,1.0,2.0,3.8,0.2,3.2,0.2,0.2,2.6,0.8,2.6,2.4,2.4,1.4,2.8,3.6,1.2,2.2,3.0,1.6,2.8,1.6
0839000486,30058122,1/14/2020,2.2,1.8,0.2,2.4,2.0,0.4,2.6,1.4,0.6,2.6,2.2,0.6,3.0,1.2,0.8,2.4,0.8,1.2,2.4,0.2,2.2,2.0,0.2,2.2,1.4,0.4,2.6,1.0,0.6,2.6,1.4,0.8,2.8,3.4,1.6,4.4,1.8,1.6,2.8,2.0,0.4,2.6,1.0,0.2,2.2,1.2,0.4,3.0
0839000486,30058122,1/13/2020,1.0,1.6,3.4,1.0,1.8,3.6,1.4,1.0,3.4,1.6,0.2,2.2,1.6,1.0,2.8,2.6,0.6,1.8,2.2,4.8,2.0,1.8,1.0,1.0,2.2,0.2,1.0,2.6,0.0,1.2,1.8,2.6,0.8,4.6,3.2,3.8,2.6,2.0,0.4,3.6,2.2,2.8,2.8,3.4,0.4,1.6,2.0,0.2
0839000486,30058122,1/12/2020,0.2,0.4,2.6,0.2,0.2,0.0,0.2,0.2,0.6,2.2,0.2,0.2,0.2,0.2,0.8,1.4,1.8,2.0,0.0,0.2,0.4,2.4,0.6,0.2,0.0,0.2,2.0,0.8,0.4,0.2,0.6,0.2,0.2,0.2,0.6,2.4,0.4,0.4,0.4,0.4,0.2,2.6,1.0,0.4,0.2,0.6,3.2,2.0
0839000486,30058122,1/11/2020,0.2,1.2,2.2,0.2,1.4,1.8,0.2,1.6,2.2,0.4,2.2,2.0,0.6,1.6,1.4,0.2,1.0,2.6,0.2,0.0,2.2,1.0,0.2,0.0,0.6,2.0,0.0,0.6,0.2,0.0,0.2,3.0,0.8,0.2,1.0,0.4,0.4,0.4,0.4,0.8,0.4,1.0,2.0,0.4,0.2,0.0,0.2,0.8
0839000486,30058122,1/10/2020,2.4,2.4,2.4,2.4,3.6,3.4,3.4,3.4,5.4,3.4,3.2,2.2,4.2,3.0,2.4,2.4,2.4,1.2,1.8,2.4,2.4,1.2,1.0,2.4,1.6,0.6,3.0,3.2,4.0,5.8,3.2,2.0,4.6,1.8,2.6,3.4,1.2,2.2,3.4,0.4,2.6,1.6,0.4,0.6,2.6,0.4,1.2,2.4
0839000486,30058122,1/9/2020,2.2,2.4,2.4,2.2,2.4,2.2,2.4,3.8,3.4,3.4,2.8,2.2,2.2,2.2,2.6,2.2,2.2,2.2,2.2,2.2,2.2,2.2,2.8,2.4,2.4,2.8,2.4,2.2,2.4,2.4,2.8,2.8,4.8,2.0,3.4,3.8,4.2,3.6,3.4,3.6,3.6,3.6,2.6,2.4,2.4,2.4,2.4,2.8
0839000486,30058122,1/8/2020,2.2,4.4,2.8,4.4,3.2,3.2,5.4,3.2,3.2,5.4,3.2,5.2,2.2,2.2,4.4,2.8,2.2,4.6,2.4,2.4,2.4,2.2,2.8,4.8,2.4,2.4,2.2,0.8,2.4,2.4,2.6,2.0,1.6,2.4,2.6,3.2,4.6,2.2,3.6,3.8,3.6,3.0,2.0,3.6,3.4,3.2,3.4,2.4
0839000486,30058122,1/7/2020,2.6,2.4,0.4,2.2,2.4,2.6,3.0,1.0,1.8,2.4,2.4,3.0,3.0,2.2,2.4,2.2,2.2,2.4,2.4,2.4,1.4,1.2,2.4,2.6,0.2,1.8,2.4,2.4,0.4,2.4,3.0,6.8,3.6,6.6,2.8,3.4,5.8,3.4,5.4,3.4,5.4,3.6,4.4,2.4,2.4,4.2,2.4,4.4
0839000486,30058122,1/6/2020,2.4,2.4,2.4,2.4,2.4,0.6,2.4,3.0,2.4,2.4,2.4,2.4,2.4,0.4,2.2,2.8,2.4,2.4,4.2,1.6,0.6,2.4,2.2,0.4,2.6,1.8,0.4,3.4,1.4,0.6,2.6,0.8,1.2,3.6,2.0,2.0,4.2,6.0,4.2,3.6,3.2,3.8,3.2,1.4,3.4,3.4,1.0,2.4
0839000486,30058122,1/5/2020,2.6,0.2,2.8,4.0,1.6,2.4,3.4,2.6,2.0,3.4,3.4,2.8,2.6,1.8,1.6,2.4,5.0,2.4,1.6,2.0,2.4,2.6,2.4,1.0,3.0,3.4,3.4,3.4,3.4,2.2,3.6,3.0,1.6,3.6,2.8,1.4,3.8,3.6,3.2,2.0,3.4,2.6,2.6,1.2,1.4,2.4,3.0,2.4
0839000486,30058122,1/4/2020,3.0,1.2,2.2,3.0,1.0,2.0,2.6,1.0,3.0,2.2,1.0,2.8,2.0,0.2,2.2,1.2,0.2,1.4,1.4,0.2,1.2,1.6,0.2,0.4,5.6,0.4,0.2,1.0,2.6,0.2,0.0,0.6,3.6,1.0,1.6,4.4,0.4,1.4,2.6,1.2,1.4,2.8,0.6,0.4,2.4,2.2,0.4,2.4
0839000486,30058122,1/3/2020,1.6,3.4,2.0,0.8,2.6,1.0,0.6,3.0,0.6,1.0,2.6,0.4,2.0,2.2,0.2,2.0,1.4,0.6,2.6,0.6,0.6,2.6,0.6,1.0,2.4,0.0,1.2,2.0,0.2,2.0,1.6,0.2,4.0,4.6,1.4,4.0,6.6,1.4,2.4,3.2,1.4,2.8,2.0,0.2,0.8,2.2,0.8,0.6
0839000486,30058122,1/2/2020,2.4,1.6,1.8,2.4,3.4,3.4,3.2,3.8,3.4,3.2,3.2,4.4,3.4,2.2,2.4,2.4,2.8,6.0,3.0,2.4,0.2,1.8,2.4,2.6,0.2,2.4,2.4,0.4,2.6,1.6,1.6,2.0,0.2,3.0,1.2,1.4,2.6,0.2,2.6,1.0,1.4,2.0,1.0,1.6,3.8,1.2,3.0,2.4
0839000486,30058122,1/1/2020,2.6,1.0,1.6,2.6,1.2,1.0,2.6,2.4,0.4,2.4,0.8,3.0,3.4,3.4,3.4,1.8,3.0,5.8,3.6,0.4,2.2,2.6,1.4,2.6,3.4,2.0,3.6,4.2,1.4,3.2,2.0,0.2,1.8,2.8,1.2,1.4,2.6,0.4,1.8,3.0,0.2,2.0,2.6,1.4,1.8,2.6,3.0,2.4
0839000486,30058122,12/31/2019,1.2,2.4,0.6,0.4,2.4,0.6,0.6,2.6,0.6,0.8,2.6,1.2,1.0,2.6,1.2,1.0,3.4,3.8,2.2,3.4,0.4,1.2,2.4,0.2,1.4,2.8,0.4,1.8,2.0,0.8,1.4,3.8,1.0,2.8,2.4,0.8,3.0,3.2,0.8,1.2,2.6,0.4,1.0,2.0,2.8,2.6,0.2,2.0
0839000486,30058122,12/30/2019,0.6,1.2,2.2,0.2,0.4,3.4,1.4,1.2,3.4,0.4,0.2,2.2,1.2,0.2,0.6,2.8,0.2,1.0,0.2,1.4,3.2,0.8,0.0,1.0,2.4,5.2,0.6,2.2,1.4,0.4,0.2,0.2,0.8,0.6,4.2,1.2,0.4,0.2,1.6,3.4,1.6,2.2,2.6,3.0,1.2,1.2,2.4,0.2
0839000486,30058122,12/29/2019,0.2,1.6,1.6,0.2,2.2,1.2,0.2,2.6,0.8,0.4,3.0,0.2,1.2,2.8,0.2,1.8,1.2,0.2,2.6,1.0,0.8,2.6,0.4,0.6,2.6,0.2,0.6,2.6,1.2,0.8,2.2,2.8,1.4,2.8,2.0,1.8,2.2,3.2,1.4,1.8,4.0,1.2,1.2,2.2,1.0,0.0,1.8,1.6
0839000486,30058122,12/28/2019,2.0,0.2,2.0,2.2,0.2,2.6,1.6,0.4,2.4,1.6,0.6,2.4,1.6,0.4,2.6,1.8,0.2,2.4,2.6,0.6,2.8,1.2,0.4,0.2,2.8,0.6,2.0,2.8,1.6,1.2,4.6,2.0,2.0,4.6,2.0,0.4,2.0,3.0,2.2,0.2,1.6,2.2,0.2,1.4,1.8,0.2,2.0,1.8
0839000486,30058122,12/27/2019,2.6,2.2,0.0,2.0,2.6,1.4,1.0,2.4,2.4,0.2,2.0,2.8,3.6,2.4,4.6,2.6,1.6,3.4,2.8,1.6,2.6,1.8,0.2,2.0,1.6,1.0,2.6,1.2,0.6,1.6,1.6,0.0,1.4,2.8,0.4,1.6,2.0,0.2,2.4,0.6,1.0,2.4,1.4,0.2,1.6,1.8,0.2,1.8
0839000486,30058122,12/26/2019,1.8,2.4,2.2,3.4,2.0,2.2,4.4,2.2,2.4,2.6,2.8,2.4,5.2,3.2,4.2,4.4,3.8,2.6,4.2,3.4,3.0,2.8,2.6,1.2,2.4,2.6,0.4,1.4,1.8,0.4,2.6,2.4,1.6,2.8,0.6,3.6,2.2,1.0,3.2,3.6,1.4,2.2,3.0,1.2,1.0,2.6,1.4,0.4
0839000486,30058122,12/25/2019,6.4,1.2,3.2,2.2,0.6,2.4,2.2,4.6,3.0,2.4,3.6,2.4,2.4,4.4,2.2,2.2,4.4,2.8,2.2,2.2,0.8,2.4,2.4,0.4,2.4,1.4,1.2,2.4,0.2,2.8,1.4,1.0,4.2,1.0,3.4,2.2,2.2,3.4,1.8,3.2,3.2,1.6,3.2,2.8,0.8,2.4,3.4,1.6
0839000486,30058122,12/24/2019,0.8,2.4,2.4,2.4,1.6,1.0,2.2,2.6,3.4,1.0,3.2,3.2,1.6,4.8,3.4,3.4,2.8,2.4,3.2,1.6,0.8,2.6,1.2,1.2,2.0,0.2,2.2,0.8,1.0,2.4,0.6,1.8,1.4,0.4,2.6,0.6,1.4,1.8,5.2,5.4,1.8,3.4,3.4,1.2,2.6,2.0,0.8,4.2
0839000486,30058122,12/23/2019,1.2,2.4,1.2,2.2,2.4,2.2,0.8,2.2,6.8,1.8,5.2,3.2,5.4,4.0,3.2,4.0,1.6,2.4,2.2,3.8,1.6,2.4,2.4,0.4,2.6,1.4,1.2,2.4,2.0,0.2,2.4,4.2,4.0,2.6,3.0,1.6,2.8,4.8,1.4,3.4,3.8,1.2,3.4,3.4,1.8,2.4,2.4,2.4
0839000486,30058122,12/22/2019,2.2,3.2,3.2,2.2,2.6,4.4,2.2,2.2,3.6,3.0,2.2,2.0,5.4,4.6,2.0,4.4,2.2,2.2,4.4,2.8,2.4,2.2,1.8,1.2,2.4,2.4,2.4,2.8,0.4,3.0,2.0,0.6,2.6,2.6,2.0,4.2,3.6,2.0,3.6,4.2,1.8,4.4,5.4,2.6,2.6,1.0,3.0,1.4
0839000486,30058122,12/21/2019,2.2,2.2,3.2,2.4,2.2,2.2,2.4,2.2,2.2,2.2,2.8,3.2,3.2,4.4,2.8,2.6,2.2,2.2,2.2,2.2,2.2,2.4,2.2,2.2,1.2,2.4,2.2,2.8,2.4,1.0,1.8,4.8,4.6,4.2,2.6,4.2,4.4,4.2,3.6,3.4,4.6,2.4,2.8,4.2,3.2,2.2,2.4,2.2
0839000486,30058122,12/20/2019,3.2,3.0,3.2,3.8,3.0,3.0,4.4,3.2,3.0,4.4,3.8,4.4,3.0,3.6,2.2,3.4,2.8,2.2,2.2,2.2,2.2,2.2,2.8,2.8,2.4,2.4,2.4,1.6,2.0,2.4,3.0,1.6,5.6,4.0,3.6,4.0,4.0,3.4,2.0,3.8,4.2,2.0,3.4,4.4,2.6,2.2,3.2,2.8
0839000486,30058122,12/19/2019,3.2,3.0,3.0,3.2,3.2,3.0,3.0,4.6,3.0,4.6,3.8,4.6,2.0,3.4,3.4,3.4,4.0,4.6,2.2,4.0,3.0,2.8,2.6,3.6,2.2,2.2,2.2,4.2,2.4,2.2,2.4,4.0,5.8,3.4,4.6,3.4,3.2,3.6,4.0,3.4,3.4,3.4,3.4,3.2,3.8,3.2,3.8,5.2
0839000486,30058122,12/18/2019,3.8,5.2,5.8,2.6,2.6,3.2,2.2,2.6,3.2,3.2,3.8,3.2,2.4,2.6,2.2,2.2,2.2,3.0,2.2,2.2,2.8,0.8,2.4,2.4,1.2,2.2,2.8,2.4,2.4,1.4,2.4,2.6,3.4,4.8,3.4,4.4,3.4,2.2,3.4,4.2,4.8,5.8,3.8,4.6,2.2,3.2,4.2,3.0
0839000486,30058122,12/17/2019,2.4,2.8,2.6,2.2,5.0,2.0,4.2,5.6,2.0,3.2,3.2,4.6,2.8,3.6,3.0,1.6,1.6,6.6,2.4,0.4,3.2,3.4,0.8,2.4,1.2,1.4,5.4,1.8,2.2,2.8,0.8,2.4,1.4,1.4,2.4,2.6,3.8,1.6,1.8,2.6,1.0,2.4,2.4,2.4,2.4,3.2,3.4,3.4
0839000486,30058122,12/16/2019,2.2,2.4,2.6,1.8,1.2,2.2,2.8,3.4,3.6,3.4,2.4,2.6,3.0,3.6,1.0,2.6,4.8,1.0,3.2,5.2,1.0,2.6,2.8,2.8,2.2,2.2,1.2,3.8,2.6,2.4,3.6,3.2,3.6,2.8,7.6,3.6,5.8,2.4,4.2,3.8,3.4,4.0,2.6,4.2,3.4,3.6,2.4,2.4
0839000486,30058122,12/15/2019,3.4,3.8,1.4,3.0,3.4,1.8,2.2,3.4,2.2,1.8,3.4,2.8,1.4,3.8,3.4,2.4,2.4,3.4,2.8,0.6,2.6,0.8,0.8,2.0,0.0,2.0,0.8,0.4,2.8,0.2,2.6,0.8,1.4,2.4,0.4,2.6,2.2,4.0,7.4,1.2,4.8,1.8,1.0,2.4,1.6,1.4,3.0,0.2
0839000486,30058122,12/14/2019,2.4,3.4,1.0,1.8,2.2,0.4,2.4,1.0,1.6,2.8,0.2,2.6,1.8,1.4,2.4,0.4,2.4,2.4,2.2,0.2,2.4,2.4,0.2,2.4,0.8,1.6,1.4,1.4,2.6,0.2,3.0,2.4,1.2,3.2,2.4,0.4,2.6,3.2,0.8,2.6,4.6,1.0,3.0,2.0,1.0,2.4,2.2,1.4
0839000486,30058122,12/13/2019,2.4,3.2,3.4,1.8,2.8,3.8,3.4,3.2,3.2,3.4,3.4,2.6,3.4,0.8,1.6,2.2,2.4,2.4,2.4,3.0,2.6,1.6,2.4,4.4,1.6,0.8,2.4,2.0,1.4,3.2,5.0,2.0,3.8,2.6,2.4,1.6,3.4,3.6,1.6,3.6,2.6,3.0,2.4,2.2,3.4,1.6,3.4,2.6
0839000486,30058122,12/12/2019,3.2,3.2,3.0,2.2,2.4,3.2,2.4,2.2,2.8,3.4,3.2,2.2,2.2,2.4,2.6,2.2,2.2,2.2,2.2,2.2,2.8,2.2,2.6,2.6,2.2,2.4,0.6,2.2,2.4,3.2,4.6,3.0,2.6,3.8,0.8,2.2,2.4,2.8,2.8,3.2,3.6,3.4,3.4,3.4,3.8,3.2,3.8,2.0
0839000486,30058122,12/11/2019,2.4,2.6,3.2,3.8,1.4,3.4,6.8,3.0,3.2,5.4,3.4,2.2,3.2,6.0,2.2,0.6,2.2,4.6,2.2,2.6,1.0,2.2,2.4,2.4,2.2,2.4,2.4,2.4,2.4,2.4,1.6,1.8,2.4,2.4,3.4,4.2,2.6,0.8,2.8,2.4,3.0,3.4,3.4,4.0,2.8,2.8,4.0,3.4
0839000486,30058122,12/10/2019,2.6,0.2,1.2,1.8,0.8,1.6,1.2,0.2,2.6,1.0,1.8,2.0,0.0,2.2,1.0,0.0,2.4,0.4,0.0,2.6,0.6,0.2,2.4,0.2,0.0,2.4,0.2,0.0,2.2,3.6,0.2,1.4,2.6,0.2,2.6,2.6,1.2,1.0,2.6,1.2,0.8,2.6,1.2,1.4,1.6,0.6,2.6,0.2
0839000486,30058122,12/9/2019,0.8,2.8,0.4,2.0,1.4,1.0,2.8,1.2,3.2,2.0,2.0,3.2,1.2,3.4,2.4,1.6,2.0,0.2,3.0,0.4,3.4,1.6,1.6,3.8,4.8,5.0,4.4,1.6,3.0,3.6,1.6,3.6,1.6,6.0,4.4,1.6,3.6,1.0,2.2,2.6,0.8,1.0,2.8,0.8,0.4,2.6,1.2,1.4
0839000486,30058122,12/8/2019,2.2,2.2,2.2,2.2,2.8,1.8,1.4,2.2,2.2,2.2,2.2,2.2,2.2,2.2,5.0,2.2,2.2,2.2,4.2,2.4,1.2,1.6,2.6,1.2,1.2,2.4,1.2,3.0,3.6,1.4,3.4,1.4,4.2,1.2,2.4,1.0,2.6,2.2,3.8,3.6,1.8,3.6,2.2,2.4,2.4,0.2,2.2,1.4
0839000486,30058122,12/7/2019,2.6,1.8,0.2,2.2,2.6,0.6,3.2,3.4,3.4,2.4,2.4,3.2,1.6,3.0,3.4,3.6,3.8,3.4,4.2,1.8,2.8,2.4,1.0,1.2,2.4,2.0,0.8,2.4,1.8,0.4,2.4,1.8,0.2,2.4,3.2,2.4,1.2,3.2,2.0,1.6,2.4,2.4,2.0,0.8,6.4,1.4,1.2,3.0
0839000486,30058122,12/6/2019,2.6,2.0,3.2,2.4,2.2,0.4,2.4,3.0,1.4,1.0,2.4,2.2,3.0,2.4,2.4,2.6,2.0,3.2,2.4,2.2,0.0,2.2,2.6,0.2,2.2,2.2,0.0,2.0,2.0,0.4,2.6,1.0,0.8,2.8,1.2,0.8,2.6,1.0,0.8,3.2,0.8,0.2,3.0,2.6,0.0,2.2,1.8,0.6
0839000486,30058122,12/5/2019,2.6,1.4,3.4,1.8,2.8,3.8,1.6,3.6,2.4,2.4,2.4,2.4,1.0,1.8,2.4,2.6,2.8,2.6,1.4,2.8,2.4,2.6,1.0,2.0,2.6,1.4,1.0,2.6,2.6,1.0,3.0,0.8,1.8,2.4,0.8,2.6,2.4,0.2,2.2,2.8,0.2,2.0,2.6,2.6,1.0,2.4,3.4,3.4
0839000486,30058122,12/4/2019,2.2,0.6,2.4,2.4,0.8,2.2,2.8,1.2,1.6,3.4,2.6,2.0,2.4,2.2,5.0,3.8,3.0,2.4,0.4,2.2,2.2,1.4,1.6,2.4,2.4,1.2,1.0,2.6,1.0,1.6,2.6,1.2,2.0,2.4,0.6,3.2,1.6,1.2,2.6,1.6,0.8,2.6,2.6,1.0,3.8,3.4,1.6,4.0
0839000486,30058122,12/3/2019,3.4,3.4,3.4,3.0,1.4,2.4,3.2,1.4,1.4,3.2,2.6,1.2,1.8,2.4,2.2,0.6,2.2,2.4,0.6,2.2,2.4,1.4,1.8,2.4,0.6,2.2,2.2,0.2,2.6,3.2,2.2,3.6,5.0,5.2,2.8,3.0,4.6,1.4,3.0,4.4,1.0,2.6,1.6,1.6,2.4,1.4,1.4,2.4
0839000486,30058122,12/2/2019,1.0,3.0,1.8,2.6,3.4,1.4,3.0,3.4,3.4,3.4,2.2,2.4,3.8,3.4,2.0,3.0,3.4,4.6,3.6,0.8,2.4,2.4,3.0,0.2,2.2,2.8,2.8,1.0,2.6,3.0,3.0,3.2,2.2,1.4,2.6,2.2,0.8,2.2,3.0,0.2,2.6,3.2,1.4,1.0,2.4,2.6,2.8,1.8
0839000486,30058122,12/1/2019,1.6,3.2,1.2,1.4,2.4,0.4,2.2,2.4,1.2,2.4,1.6,1.0,2.4,1.4,1.8,2.4,1.6,3.6,2.4,1.0,1.6,3.0,0.6,3.0,3.4,3.4,1.8,2.4,4.6,2.4,1.4,4.2,3.0,2.0,4.2,1.8,2.4,1.8,1.8,2.8,0.4,3.2,0.8,2.0,2.6,0.2,2.0,2.0
0839000486,30058122,11/30/2019,2.0,3.0,1.6,3.0,3.8,1.4,3.2,3.8,1.4,3.2,3.4,3.4,3.4,1.6,1.8,2.4,2.4,3.0,1.0,1.4,2.4,2.6,0.0,2.2,2.6,1.2,1.4,2.6,1.0,1.2,2.6,1.2,1.0,3.4,0.6,1.4,2.6,0.6,1.8,2.6,0.4,4.8,2.2,2.6,3.6,1.4,3.2,3.4
0839000486,30058122,11/29/2019,2.6,1.4,2.6,3.8,2.2,3.0,3.4,2.8,1.6,2.4,2.6,2.2,1.6,2.2,3.0,0.6,2.0,2.4,1.4,1.2,2.4,1.0,1.6,3.0,0.2,2.2,1.4,1.0,2.4,0.0,2.2,0.8,1.2,2.4,0.2,2.4,1.4,1.8,3.8,1.6,2.0,1.6,0.8,2.6,1.2,1.8,2.4,0.6
0839000486,30058122,11/28/2019,1.2,1.8,1.4,2.0,1.6,0.6,2.6,1.2,1.8,2.0,0.2,2.4,1.2,1.2,4.0,1.2,3.2,3.4,1.4,3.4,2.4,2.2,4.4,1.8,3.2,1.4,1.4,3.0,0.2,3.6,5.0,2.6,5.2,1.2,3.2,2.4,1.6,2.4,0.8,1.8,2.2,0.8,2.4,1.4,1.2,2.4,1.2,1.4
0839000486,30058122,11/27/2019,0.4,2.4,0.6,1.8,2.0,1.0,4.8,2.0,0.6,4.2,2.0,1.6,2.4,0.2,2.2,0.8,0.4,2.4,0.2,1.4,2.0,0.2,2.2,0.6,0.6,2.2,0.0,2.0,1.0,1.2,2.4,2.0,1.0,2.8,2.4,1.4,2.2,2.6,1.8,2.2,2.4,1.2,1.4,2.6,1.2,0.8,2.6,0.6
0839000486,30058122,11/26/2019,0.2,2.2,1.4,0.8,2.4,1.4,1.4,2.4,0.4,2.4,2.4,0.4,2.0,2.4,2.6,3.0,3.4,4.4,3.0,0.8,3.0,0.6,1.0,2.2,0.2,1.0,3.8,1.0,0.4,2.4,1.6,4.6,3.4,3.4,2.4,1.4,2.0,1.8,0.4,0.8,5.0,2.6,0.4,1.6,1.2,0.2,1.8,1.2
0839000486,30058122,11/25/2019,3.4,3.4,1.6,3.4,3.0,1.6,3.4,3.8,1.4,3.4,3.4,2.4,2.6,4.0,3.2,2.8,3.4,3.4,1.8,1.6,2.0,0.2,3.4,2.6,0.2,2.4,1.0,0.2,2.4,0.6,0.2,2.0,0.8,1.0,2.8,0.6,1.6,1.6,0.6,5.6,1.4,3.0,2.2,1.6,2.4,0.6,1.4,2.2
0839000486,30058122,11/24/2019,1.4,2.4,1.4,1.2,2.6,1.0,1.6,3.8,0.6,2.0,2.6,0.4,2.2,2.4,4.4,3.8,3.4,1.2,3.4,3.6,2.6,2.6,1.2,1.6,2.6,0.6,1.8,2.2,0.0,2.4,1.6,0.4,2.4,0.4,2.4,2.0,0.4,2.4,1.2,1.2,2.6,0.4,2.4,2.2,2.2,2.8,2.2,1.6
0839000486,30058122,11/23/2019,1.6,1.2,3.4,3.4,1.4,2.4,3.2,2.2,0.8,2.6,2.6,2.6,2.6,1.6,2.6,2.4,2.8,2.4,2.0,2.4,2.4,2.8,2.4,2.2,0.6,2.4,1.6,1.8,2.2,0.6,2.4,1.0,1.6,2.4,0.4,2.6,1.4,1.2,2.8,0.8,2.4,2.8,2.4,3.6,5.8,3.4,2.4,2.0
0839000486,30058122,11/22/2019,2.2,1.0,0.6,2.6,0.4,1.2,2.2,0.2,1.8,1.6,1.0,3.0,1.2,0.4,2.6,0.6,1.0,2.2,0.6,1.6,1.6,0.0,2.4,0.8,0.4,3.2,0.4,2.4,2.0,0.2,1.4,4.0,0.4,2.0,2.0,0.4,2.8,1.4,1.2,2.6,0.4,2.2,1.2,1.0,2.4,1.2,0.8,2.4
0839000486,30058122,11/21/2019,0.4,1.4,2.4,0.4,1.6,2.4,0.6,1.8,2.4,0.4,2.6,4.2,1.8,0.8,2.8,1.6,0.6,2.4,2.0,0.4,2.4,0.8,0.8,2.4,0.0,1.4,3.4,1.0,0.8,3.0,0.2,1.8,1.6,0.6,4.6,0.6,1.0,2.2,0.8,1.2,2.6,0.2,1.2,2.0,0.2,2.4,1.6,0.2
0839000486,30058122,11/20/2019,0.4,2.6,0.6,2.6,3.2,0.8,2.0,1.4,0.4,2.4,0.8,1.6,2.8,0.0,2.0,1.6,1.0,2.4,0.8,1.2,2.2,0.0,2.0,1.4,1.0,2.6,0.2,1.4,1.8,0.2,2.6,1.0,1.4,3.6,2.8,2.8,2.6,2.0,3.4,2.0,1.4,3.8,1.4,0.6,3.2,0.4,1.0,2.4
0839000486,30058122,11/19/2019,3.6,1.6,2.4,2.0,0.4,3.0,0.8,1.4,2.2,0.2,2.4,1.2,1.2,2.4,0.8,2.2,1.4,1.0,2.4,0.8,1.0,2.8,0.8,3.6,2.2,3.6,2.2,0.0,1.8,2.0,2.0,4.2,4.6,0.4,4.8,5.0,1.4,3.4,2.6,1.2,2.4,1.4,0.4,2.2,1.4,0.4,2.6,0.8
0839000486,30058122,11/18/2019,2.2,3.0,0.2,2.2,2.4,0.8,2.6,3.6,2.2,2.6,2.4,1.4,1.2,2.4,1.8,0.8,3.8,2.8,1.0,2.6,1.0,2.0,2.4,0.6,2.6,2.4,0.2,2.4,1.0,1.8,2.2,0.2,2.2,2.4,0.4,2.4,1.0,1.4,2.4,0.8,2.6,1.4,1.0,3.0,1.6,2.8,2.6,1.6
0839000486,30058122,11/17/2019,2.4,1.2,1.6,2.4,2.8,2.4,1.8,1.4,3.4,3.4,3.4,3.4,2.4,2.6,4.0,3.4,3.4,2.8,2.2,4.6,5.2,1.6,2.4,2.2,0.4,2.4,2.4,1.2,1.4,3.0,1.0,1.8,3.8,2.2,3.0,3.2,0.6,2.8,1.6,1.6,2.6,0.2,2.4,3.2,0.2,2.2,2.4,0.4
0839000486,30058122,11/16/2019,2.6,3.4,2.2,2.6,3.4,2.8,1.8,3.4,4.0,2.6,2.0,3.4,3.4,3.4,0.8,2.4,2.4,2.2,0.2,2.8,2.2,0.8,2.4,1.8,0.6,2.6,2.0,1.4,2.4,0.4,2.4,2.8,1.6,2.6,1.2,2.2,2.4,2.2,0.6,3.2,2.4,1.6,2.4,3.4,3.4,2.2,2.6,3.6
0839000486,30058122,11/15/2019,3.2,1.6,3.8,3.2,3.2,3.4,3.2,3.2,4.8,3.4,1.4,3.2,3.6,2.8,2.2,2.4,2.0,1.2,2.4,2.6,1.4,1.8,2.6,0.4,2.2,2.4,0.4,2.6,0.4,1.2,2.6,0.4,4.0,1.6,1.2,2.4,0.8,2.2,1.4,0.8,2.8,1.6,1.2,3.8,3.2,2.6,3.4,2.2
0839000486,30058122,11/14/2019,3.4,3.2,3.8,3.2,3.4,3.2,3.2,3.2,2.8,3.0,2.2,2.2,2.2,2.2,3.0,2.2,2.2,2.6,2.2,2.2,2.2,2.2,2.4,2.4,3.0,2.6,3.0,0.8,2.4,3.0,1.0,2.2,1.4,1.8,2.0,1.6,4.2,1.0,3.0,4.2,3.2,3.0,3.0,2.4,2.6,2.4,3.4,3.2
0839000486,30058122,11/13/2019,4.0,3.2,3.2,3.4,3.6,3.2,3.2,3.2,3.2,3.2,3.4,2.2,2.6,2.0,2.4,3.4,2.2,2.2,2.2,2.2,2.2,2.2,2.4,2.8,2.6,2.4,2.2,2.2,2.4,2.4,2.4,2.2,4.4,7.4,4.8,5.0,5.2,2.0,3.6,3.4,3.6,3.4,2.6,3.2,3.4,3.8,3.2,3.2
0839000486,30058122,11/12/2019,2.2,2.2,0.2,0.8,1.6,0.0,1.4,1.6,0.0,1.4,1.4,0.8,2.0,1.2,1.6,1.8,0.2,2.4,0.4,2.4,1.2,1.4,1.6,0.8,2.2,2.4,4.4,1.0,1.8,1.8,1.8,2.8,1.4,1.8,2.0,1.4,2.6,0.6,2.2,2.4,1.2,2.2,2.2,4.0,2.4,3.2,4.0,2.0
0839000486,30058122,11/11/2019,2.2,3.0,2.4,4.0,3.0,3.6,3.8,5.0,3.8,4.8,3.4,3.4,5.0,3.8,3.2,3.8,3.0,3.6,4.8,3.4,4.0,2.8,4.2,0.4,2.0,2.2,0.6,2.2,1.2,1.8,2.2,0.4,1.0,1.2,3.0,0.6,0.8,5.2,2.2,3.6,0.6,0.6,2.0,1.0,2.0,2.0,0.6,1.8
0839000486,30058122,11/10/2019,7.8,5.2,3.0,7.2,6.2,2.6,5.0,6.6,3.4,3.4,6.4,6.8,3.4,6.4,7.0,3.8,6.0,6.6,4.8,3.4,3.6,1.4,5.0,1.4,3.6,3.6,2.4,4.4,0.8,4.6,0.4,4.4,0.4,2.6,2.8,3.2,3.2,3.0,3.2,2.2,2.8,3.4,2.6,2.4,2.2,2.0,3.6,2.6
0839000486,30058122,11/9/2019,0.4,3.4,0.4,0.2,0.0,0.0,0.2,0.4,1.0,1.2,4.4,1.4,3.0,3.2,2.8,1.6,3.6,3.4,2.0,1.0,1.8,0.2,0.4,0.2,3.0,1.2,1.4,3.2,2.4,1.4,5.6,10.8,11.4,7.8,8.4,7.8,4.2,4.4,4.8,3.6,6.6,4.0,4.2,4.0,5.2,3.6,6.6,4.0
0839000486,30058122,11/8/2019,2.6,2.8,2.6,2.6,3.4,3.0,2.6,2.6,2.6,6.2,2.6,2.6,6.6,2.6,3.0,5.2,3.0,6.4,2.4,2.6,2.4,5.4,2.6,2.6,2.6,2.6,3.0,2.6,2.6,2.6,2.6,2.6,5.8,2.6,3.0,3.8,5.8,2.2,0.4,1.0,1.2,1.6,1.0,1.0,0.2,0.2,3.2,1.2
0839000486,30058122,11/7/2019,1.6,1.4,1.4,1.4,1.4,1.4,1.4,1.4,1.4,1.4,1.4,0.4,0.2,0.2,0.4,0.2,0.2,0.2,0.4,0.2,0.2,1.0,0.4,0.2,0.4,0.4,0.2,0.2,0.4,1.0,2.2,3.8,1.4,2.2,1.6,3.0,11.0,11.0,11.0,11.6,11.2,9.0,2.8,5.6,3.0,2.8,2.8,2.8
0839000486,30058122,11/6/2019,0.2,0.4,0.4,1.6,1.4,1.4,1.4,1.2,1.4,1.4,1.2,1.2,1.4,0.8,0.4,0.8,0.4,1.8,4.6,2.0,2.2,0.2,1.0,0.6,0.4,0.8,0.4,1.4,1.4,1.4,1.4,1.4,0.8,1.0,0.4,0.4,0.4,0.4,0.4,0.4,0.4,0.4,0.4,0.4,0.4,1.2,1.4,1.6
0839000486,30058122,11/5/2019,1.4,1.4,1.4,1.2,1.2,1.4,1.4,1.6,1.6,1.4,1.4,2.0,1.4,1.4,1.4,1.2,1.4,1.8,1.4,1.2,3.0,0.6,0.2,2.2,4.4,1.6,3.6,5.2,1.4,1.4,1.4,1.4,2.0,1.4,1.6,1.6,1.6,1.6,1.6,1.2,0.4,0.2,0.4,0.4,0.2,0.4,0.4,0.2
0839000486,30058122,11/4/2019,1.4,1.4,1.4,1.2,1.2,1.4,1.4,1.2,1.2,2.0,1.4,1.2,1.2,1.4,2.0,1.4,2.8,1.6,0.2,0.4,0.2,0.8,1.2,4.8,0.6,0.8,0.4,0.4,2.4,0.8,0.6,0.6,1.2,0.4,0.6,1.4,0.8,0.6,0.6,0.8,0.8,0.8,1.0,0.6,0.6,0.6,1.2,1.4
0839000486,30058122,11/3/2019,1.2,1.4,3.2,2.8,1.4,1.4,1.2,1.4,1.2,1.2,1.2,1.4,1.2,1.2,1.8,2.2,1.8,1.4,1.2,0.8,0.2,0.4,0.6,2.0,0.8,0.8,2.0,2.0,0.4,0.8,0.6,0.4,1.0,0.2,0.2,0.4,0.2,0.2,0.2,0.4,0.8,1.2,2.4,1.0,1.2,1.4,2.0,1.2
0839000486,30058122,11/2/2019,0.2,0.4,0.4,0.4,0.4,0.6,0.2,0.4,0.2,0.2,0.4,0.2,0.2,0.2,0.4,0.2,0.2,0.4,2.6,2.4,4.8,1.0,1.4,2.0,1.2,1.2,1.4,2.0,1.2,1.4,1.4,3.8,2.4,1.6,1.4,1.8,1.4,1.6,2.0,1.4,1.4,1.6,1.4,1.4,1.2,1.4,1.4,1.2
0839000486,30058122,11/1/2019,1.0,0.4,0.4,0.4,0.4,0.4,0.4,0.4,0.4,0.4,0.4,1.0,0.2,0.4,0.2,0.2,0.4,0.2,0.2,1.0,0.2,0.2,0.4,0.4,0.2,0.2,0.4,0.2,0.2,0.4,1.0,1.4,1.6,2.0,1.4,3.6,3.4,1.4,1.4,1.6,1.4,2.0,0.6,0.4,0.2,0.2,0.4,0.2
0839000486,30058122,10/31/2019,0.4,0.2,0.4,0.4,0.4,0.4,0.2,0.4,0.4,0.2,1.2,0.4,1.0,0.2,0.4,0.2,0.2,0.4,0.2,0.2,0.4,0.8,0.2,0.4,0.2,0.4,0.4,0.2,0.4,0.4,0.4,0.4,2.0,0.4,2.8,1.4,1.4,2.2,1.6,1.4,1.6,1.4,0.8,0.6,0.6,0.4,0.6,0.4
0839000486,30058122,10/30/2019,0.4,1.0,0.2,0.4,0.4,0.2,0.2,0.4,0.4,0.4,0.6,1.2,0.4,0.2,0.8,0.4,0.2,0.2,0.4,0.2,0.2,0.4,0.8,1.0,0.2,0.2,0.4,0.2,0.2,0.4,0.4,0.4,1.2,1.6,3.0,1.4,1.4,1.4,2.0,1.4,1.8,1.4,1.0,0.4,0.6,0.4,0.4,1.0
0839000486,30058122,10/29/2019,0.4,0.4,0.4,0.4,0.4,0.4,0.4,0.6,0.4,2.4,2.4,0.2,0.2,0.4,0.2,0.4,0.4,0.2,0.8,0.4,0.2,0.2,0.4,0.2,0.2,0.8,0.4,0.2,0.4,0.4,0.2,1.2,1.6,0.4,0.4,0.6,0.6,1.0,0.6,1.2,0.4,0.6,1.8,2.0,1.4,1.4,1.2,0.2
0839000486,30058122,10/28/2019,0.4,0.4,0.4,0.4,0.4,0.4,0.4,0.4,0.4,0.4,0.4,1.0,0.4,2.8,4.4,2.8,1.4,2.8,1.2,0.4,0.2,1.0,0.4,0.4,0.4,0.4,1.4,1.8,0.4,0.4,0.4,0.8,2.4,0.6,0.2,0.4,0.8,1.2,0.6,0.4,0.6,0.4,0.4,0.2,0.8,0.4,0.4,0.4
0839000486,30058122,10/27/2019,1.4,1.4,1.4,1.4,1.2,1.4,0.6,0.2,0.4,0.4,0.2,0.2,1.0,1.0,1.0,1.4,1.4,2.8,1.2,1.4,1.2,1.2,1.4,1.8,1.0,3.4,1.4,5.0,0.4,0.6,1.2,2.2,0.8,0.4,0.6,2.4,0.6,0.6,0.6,0.6,0.4,0.4,0.6,0.4,1.0,0.4,0.4,0.4
0839000486,30058122,10/26/2019,1.4,1.4,1.4,1.2,1.4,1.4,1.8,1.4,1.4,0.6,0.2,2.0,1.6,0.6,0.8,0.4,0.2,0.2,0.4,0.2,0.2,0.2,0.8,0.2,0.4,0.2,0.2,1.4,4.8,1.4,0.4,2.8,0.8,2.6,1.4,1.6,1.4,2.2,1.6,1.4,1.6,1.6,1.4,1.6,1.4,1.4,2.0,1.4
0839000486,30058122,10/25/2019,1.2,0.4,0.2,0.4,0.4,0.2,0.4,0.4,0.2,0.2,0.4,1.0,0.2,0.2,0.4,0.2,0.2,0.4,0.2,0.2,0.4,0.4,0.8,0.2,0.4,0.2,0.2,0.4,0.4,0.2,0.4,0.4,0.2,0.2,0.4,0.8,0.8,1.4,1.4,1.4,1.6,3.2,1.4,2.4,2.0,1.4,1.4,1.4
0839000486,30058122,10/24/2019,0.4,0.4,0.8,0.4,0.4,0.4,0.4,0.6,0.4,0.4,0.6,0.4,1.0,0.2,0.4,0.2,0.2,0.4,0.8,0.2,0.2,0.4,0.2,0.2,0.4,0.4,0.2,0.8,0.4,0.2,0.4,0.4,0.2,1.6,0.8,1.2,0.8,1.6,3.6,1.4,1.4,2.2,1.4,1.4,1.6,1.4,1.4,0.6
0839000486,30058122,10/23/2019,1.4,1.4,1.2,1.4,1.4,1.4,1.2,1.4,1.4,1.4,3.0,1.2,0.2,0.8,0.4,0.2,0.2,0.2,0.4,0.2,0.2,0.4,0.4,0.2,0.2,0.8,0.2,0.2,0.2,0.4,0.4,0.2,0.4,1.0,0.4,0.2,0.4,1.8,2.2,1.6,1.6,2.0,1.4,1.2,1.4,1.4,1.4,1.2
0839000486,30058122,10/22/2019,0.6,0.4,0.4,0.4,1.0,0.4,0.6,1.4,1.4,2.8,1.4,1.4,1.6,0.2,0.2,0.4,0.2,0.2,0.8,0.4,0.2,0.2,0.2,0.4,3.4,0.8,1.6,1.6,0.4,0.4,0.6,0.8,1.6,1.6,3.0,1.6,2.8,1.4,1.6,2.2,1.4,1.4,1.4,1.4,2.0,1.4,1.4,1.4
0839000486,30058122,10/21/2019,2.0,1.4,1.4,1.4,1.4,1.4,1.4,1.4,1.4,1.4,1.4,1.2,1.2,1.2,2.0,1.6,1.6,2.2,0.6,0.4,0.2,0.6,0.4,0.8,0.4,0.6,0.4,2.0,0.4,0.4,0.4,1.0,0.4,0.6,0.4,1.0,1.4,1.2,1.6,2.0,1.4,1.4,1.6,1.4,1.4,1.4,1.2,1.4
0839000486,30058122,10/20/2019,1.4,1.4,1.4,4.8,1.6,2.2,1.4,1.4,1.2,1.4,1.4,1.2,1.2,2.0,1.4,0.4,1.4,2.2,1.2,0.6,0.4,0.2,1.0,0.4,0.2,2.2,0.6,0.4,0.2,1.0,0.4,0.2,0.4,0.4,0.4,0.6,0.4,1.2,2.2,1.6,1.6,1.4,1.6,1.6,1.4,1.6,1.6,1.4
0839000486,30058122,10/19/2019,1.4,1.4,1.2,1.2,1.4,1.4,1.4,1.4,2.0,1.4,1.2,1.4,1.6,0.8,0.8,0.2,0.4,0.2,0.2,0.4,0.2,0.2,0.2,0.4,0.2,0.2,0.2,0.4,0.2,0.2,0.8,0.4,1.0,1.4,1.4,2.4,1.4,1.4,1.2,2.0,1.4,1.2,1.4,1.4,1.2,1.2,1.4,1.4
0839000486,30058122,10/18/2019,1.4,1.4,1.2,1.4,1.4,1.2,1.8,1.4,1.4,1.2,1.2,0.8,1.0,0.2,0.2,0.4,0.2,0.2,0.4,0.8,0.2,0.2,0.4,0.2,0.2,0.2,0.4,0.2,0.2,0.4,0.4,0.2,0.2,0.4,0.8,0.2,0.2,0.4,0.4,0.4,0.2,2.8,1.4,1.4,1.2,2.0,1.4,1.2
0839000486,30058122,10/17/2019,1.4,1.6,1.4,0.8,0.6,1.2,1.4,2.0,1.4,1.2,1.2,1.4,0.8,0.4,0.4,0.4,0.2,0.2,0.4,0.8,0.2,0.4,0.4,0.2,0.4,0.2,0.2,0.4,0.2,0.2,0.4,3.0,1.4,1.4,2.2,1.4,1.4,1.4,1.6,1.4,2.0,1.4,1.6,1.4,1.6,1.4,1.8,1.2
0839000486,30058122,10/16/2019,0.4,1.0,0.6,1.2,0.4,0.4,0.4,1.2,1.6,2.0,1.6,1.2,0.4,0.2,0.2,0.4,0.2,0.2,0.4,0.2,0.2,0.4,0.8,0.4,0.4,0.2,0.2,0.4,0.2,0.2,0.8,1.4,4.8,3.6,4.4,1.8,1.2,0.4,0.6,0.6,3.2,1.6,1.6,1.4,2.0,1.4,1.4,1.4
0839000486,30058122,10/15/2019,0.4,0.4,0.4,0.2,0.2,0.6,0.6,0.2,0.4,0.4,0.4,0.8,0.4,0.2,0.2,0.2,0.4,0.2,0.2,0.4,0.4,0.2,0.2,0.4,0.2,0.8,0.4,0.4,0.2,0.4,0.4,0.6,3.2,1.8,0.4,2.4,0.8,0.6,3.0,1.4,1.2,0.6,1.0,0.4,0.4,0.4,0.4,0.6
0839000486,30058122,10/14/2019,1.4,1.4,1.4,1.4,1.4,1.4,1.4,2.0,1.4,1.4,1.4,1.2,1.4,1.4,1.4,4.4,0.8,0.4,0.4,1.0,1.8,1.0,0.2,3.2,0.8,0.2,0.2,0.8,0.6,0.8,2.2,2.6,0.6,0.4,0.4,1.0,0.6,0.4,0.4,0.4,0.4,1.0,0.4,0.4,0.4,0.4,0.4,0.4
0839000486,30058122,10/13/2019,1.4,1.4,1.4,1.4,1.4,1.4,1.4,1.4,1.4,1.4,1.4,1.4,2.0,1.4,1.4,0.8,1.0,0.2,0.2,0.4,0.2,0.2,0.4,0.4,0.2,0.2,0.6,0.8,0.6,0.4,0.4,0.6,0.4,0.4,1.6,0.4,1.2,1.4,1.4,1.4,1.4,1.4,1.8,1.4,1.4,1.4,1.4,1.4
0839000486,30058122,10/12/2019,0.4,0.2,0.2,0.4,0.2,0.2,0.4,0.2,0.2,0.4,0.4,0.2,0.2,0.4,0.8,0.2,0.4,1.4,0.2,0.2,0.8,0.4,0.4,0.4,0.4,0.4,0.2,0.2,0.4,1.8,0.6,0.4,0.4,0.4,0.4,1.0,0.4,0.4,0.4,0.4,0.4,0.4,0.2,0.8,0.8,1.4,1.4,1.4
0839000486,30058122,10/11/2019,1.2,0.4,0.4,0.4,0.4,0.4,0.4,0.4,0.4,0.4,1.2,2.0,0.2,0.2,0.4,0.2,0.2,0.2,0.4,0.2,0.4,0.8,0.4,0.2,0.2,0.4,0.4,0.4,0.4,0.4,0.2,0.6,0.6,1.0,0.6,1.8,0.6,0.4,0.6,0.4,0.6,0.8,0.8,0.4,0.4,0.2,0.2,0.4
0839000486,30058122,10/10/2019,1.4,1.4,1.4,1.4,1.4,1.6,3.6,1.4,1.4,1.6,2.2,1.2,0.4,0.4,0.4,0.2,0.4,0.8,0.4,0.2,0.2,0.4,0.4,0.2,0.2,0.4,0.4,0.4,0.2,0.4,0.4,0.4,0.6,1.2,2.0,0.6,0.6,1.2,0.6,0.6,0.6,0.6,0.6,0.6,0.6,0.6,0.4,0.4
0839000486,30058122,10/9/2019,0.4,0.4,0.2,0.2,0.4,0.4,0.2,0.2,0.4,0.4,1.8,1.8,0.2,0.2,0.4,0.2,0.2,0.4,0.4,0.2,0.2,0.4,0.8,0.2,0.2,0.4,0.4,0.2,0.4,0.4,0.6,0.4,0.4,0.4,1.0,0.8,2.2,0.4,0.4,1.2,3.0,1.4,1.4,1.4,2.2,1.4,1.4,1.6
0839000486,30058122,10/8/2019,0.4,0.4,0.2,0.2,0.4,0.4,1.0,1.4,2.0,1.6,2.0,0.4,0.8,0.4,0.2,0.2,0.4,0.4,0.2,0.4,0.4,0.4,0.2,0.2,1.6,2.0,0.8,0.4,0.4,0.4,0.6,0.6,2.4,2.2,1.4,1.4,1.6,0.6,1.0,0.4,0.4,0.4,0.4,0.4,0.8,0.4,0.2,0.2
0839000486,30058122,10/7/2019,0.0,0.6,0.2,0.2,0.0,0.0,0.2,0.2,0.0,1.0,1.2,1.2,1.2,1.0,1.0,1.2,1.2,1.0,0.2,0.2,1.0,0.2,0.2,0.2,0.6,1.0,0.4,0.4,0.6,1.4,0.6,1.4,0.6,1.0,0.4,0.4,0.6,0.4,0.8,0.4,0.4,0.4,0.8,0.2,0.4,0.4,0.2,0.2
0839000486,30058122,10/6/2019,1.0,1.4,2.8,1.2,1.8,1.6,1.2,2.4,1.2,0.8,1.2,0.6,1.8,1.6,1.2,2.2,1.0,1.2,2.0,1.8,0.0,0.0,0.2,3.2,0.6,0.2,1.8,1.6,3.4,1.4,1.2,1.2,2.0,1.2,1.2,1.2,0.8,0.4,0.8,0.2,0.2,0.0,0.2,0.2,0.0,0.0,0.2,0.2
0839000486,30058122,10/5/2019,1.2,2.2,1.2,1.4,2.0,1.2,1.8,1.4,1.2,2.4,1.4,1.2,1.4,2.6,3.0,1.2,1.4,0.0,0.0,1.2,0.2,1.0,0.2,1.0,1.2,0.0,1.2,0.0,1.0,0.6,0.0,1.4,0.2,1.2,0.4,0.4,0.8,0.0,0.8,2.0,1.2,2.8,1.8,1.0,2.0,1.4,1.2,2.4
0839000486,30058122,10/4/2019,3.0,1.6,3.2,2.0,3.2,1.8,2.8,2.4,2.4,2.4,1.8,2.8,0.4,1.8,0.4,1.8,0.6,1.8,0.4,2.6,0.6,2.0,0.4,1.6,0.4,2.0,0.2,2.0,0.4,2.0,0.8,4.2,3.0,3.4,3.8,2.4,3.0,1.6,2.4,2.4,2.6,1.6,2.8,1.6,2.0,1.6,1.4,2.2
0839000486,30058122,10/3/2019,2.0,1.0,1.8,2.0,0.6,2.0,1.6,1.2,2.0,0.6,3.2,1.0,1.8,1.0,1.8,1.8,0.4,2.0,0.2,2.0,0.4,1.8,0.8,2.0,2.2,0.8,2.2,1.2,2.0,1.4,1.0,2.2,1.6,3.2,2.4,2.2,4.0,2.8,2.6,3.0,1.4,3.0,1.8,2.6,2.2,2.0,2.8,2.6
0839000486,30058122,10/2/2019,2.0,1.4,1.2,2.0,0.8,2.0,0.4,2.0,0.8,1.8,0.2,1.8,0.4,1.2,0.6,1.4,0.8,1.2,1.0,1.4,2.4,0.6,2.2,2.2,0.8,2.2,2.2,2.2,1.2,2.2,3.2,3.8,3.8,3.4,4.0,3.2,3.2,2.8,2.6,2.8,2.2,2.2,1.0,1.6,2.2,2.2,1.0,2.2
0839000486,30058122,10/1/2019,2.6,1.0,2.4,1.4,2.0,1.6,1.8,2.0,1.2,2.4,1.2,2.8,0.4,1.8,0.4,1.0,0.6,0.6,1.2,0.8,1.2,0.8,1.4,1.0,1.4,1.4,2.0,0.6,2.0,1.0,2.4,2.2,1.8,1.4,3.6,3.0,2.8,2.6,3.2,2.4,2.8,3.2,2.4,2.0,3.6,1.6,3.0,2.2
0839000486,30058122,9/30/2019,1.4,1.0,1.2,1.4,1.6,1.2,1.0,1.6,0.6,1.6,0.6,1.8,0.4,2.0,1.6,3.6,3.2,2.4,0.6,1.8,1.0,1.6,0.4,1.6,1.2,1.4,0.8,2.0,0.6,1.4,2.2,4.0,2.0,3.8,1.8,3.6,2.2,2.2,1.8,2.0,2.0,1.6,2.4,1.6,2.4,1.2,3.6,1.2
0839000486,30058122,9/29/2019,2.4,2.2,2.4,2.6,2.4,2.2,2.4,2.2,2.6,1.8,2.6,1.8,2.8,1.4,3.4,1.6,3.0,0.8,2.2,1.2,2.2,2.8,1.0,2.2,2.0,1.2,2.2,2.4,2.0,2.2,2.2,1.4,2.8,1.6,1.6,2.2,1.0,1.8,2.0,2.0,2.6,2.0,2.6,2.2,2.4,2.0,2.6,2.0
0839000486,30058122,9/28/2019,2.0,0.4,1.8,0.4,1.8,0.6,2.4,0.4,1.6,0.4,1.6,0.2,1.8,0.8,1.8,0.2,1.6,0.2,1.6,0.4,1.6,0.6,1.6,0.8,1.6,0.6,2.4,0.6,2.0,1.2,4.4,2.8,5.4,2.6,4.0,3.0,2.6,3.2,2.4,3.0,3.2,2.2,3.2,2.2,2.8,2.2,3.0,2.4
0839000486,30058122,9/27/2019,0.2,0.4,1.2,0.2,0.4,1.8,0.2,0.2,0.2,0.2,0.6,1.8,0.8,0.0,0.2,0.0,0.2,1.2,0.0,0.4,1.0,0.4,1.4,0.4,0.8,0.6,0.2,1.4,0.0,0.4,0.4,3.0,2.2,2.0,2.0,2.0,2.2,2.8,3.6,2.0,2.0,1.8,1.8,1.8,1.6,1.2,1.8,0.8
0839000486,30058122,9/26/2019,0.2,0.0,0.2,1.2,0.2,0.2,0.4,0.6,1.2,0.2,0.2,0.8,0.2,0.2,1.0,0.4,0.2,0.2,1.0,0.6,0.2,1.6,0.2,1.0,3.2,0.4,1.8,0.2,1.6,0.6,1.6,0.6,4.0,1.4,5.0,2.8,2.2,0.4,2.2,0.2,1.6,0.4,0.2,1.6,0.2,0.2,1.4,0.4
0839000486,30058122,9/25/2019,0.2,0.2,0.6,0.8,0.6,0.2,0.2,0.6,0.8,0.2,0.8,0.6,0.2,0.0,0.6,0.2,1.0,0.0,0.2,1.2,0.2,0.2,1.0,0.4,0.8,1.4,0.0,1.0,0.4,1.0,0.6,2.4,0.8,0.2,1.6,0.2,2.4,0.4,2.2,0.0,0.4,1.6,0.2,0.8,0.8,0.0,0.2,1.4
0839000486,30058122,9/24/2019,0.6,1.2,0.6,1.6,0.2,1.6,0.0,0.4,1.8,0.4,0.8,1.2,0.0,0.2,1.2,0.0,0.0,1.2,0.2,0.2,1.6,0.0,1.4,3.2,1.0,0.6,0.2,2.4,0.0,2.0,0.2,1.4,0.2,1.6,0.0,1.6,1.2,2.4,0.8,2.0,1.4,2.8,1.2,2.2,1.4,1.2,1.2,2.0
0839000486,30058122,9/23/2019,0.2,1.6,0.6,1.0,1.0,0.2,1.6,0.2,0.2,1.6,0.2,0.2,1.6,0.4,1.0,1.6,0.6,0.6,1.0,0.2,1.4,0.4,2.0,0.0,1.6,0.8,2.6,0.8,1.2,0.8,1.8,1.0,1.8,1.0,1.8,2.0,1.2,1.8,1.2,1.8,1.6,1.4,1.0,1.2,1.0,0.8,1.0,1.2
0839000486,30058122,9/22/2019,1.4,0.2,0.6,1.4,0.2,0.2,0.2,1.4,0.2,0.2,0.2,1.2,0.6,0.8,0.0,0.4,1.2,0.0,0.2,1.8,0.8,2.4,0.6,0.8,1.4,0.2,3.4,2.6,3.2,0.6,2.2,0.4,2.4,2.0,2.6,2.6,2.2,1.4,2.6,1.0,1.8,0.8,1.4,0.8,1.2,1.0,0.2,1.8
0839000486,30058122,9/21/2019,0.4,0.4,0.4,0.4,0.4,0.4,0.4,0.4,0.8,1.4,1.2,1.8,1.4,1.4,0.6,0.4,0.4,0.2,0.2,0.4,0.4,0.2,0.4,0.4,0.2,2.4,0.6,0.4,0.8,1.6,1.0,2.4,2.8,2.4,2.4,2.2,2.2,3.4,2.4,2.4,2.2,2.2,2.8,2.4,1.0,0.2,0.4,0.2
0839000486,30058122,9/20/2019,2.6,2.8,2.6,2.6,2.6,2.6,2.6,2.6,2.6,2.6,2.6,2.4,2.4,3.4,3.6,1.6,1.4,1.6,1.6,1.6,1.6,1.8,3.4,0.6,0.2,0.4,0.6,0.4,0.4,0.4,0.4,0.4,0.4,0.6,0.8,1.6,1.6,1.0,0.4,0.4,0.4,0.4,0.6,1.0,0.4,0.4,0.4,0.4
0839000486,30058122,9/19/2019,2.8,2.6,1.6,1.6,1.8,1.6,1.6,1.6,1.8,1.6,1.6,2.4,1.6,1.4,1.4,1.6,1.6,2.4,2.8,1.6,2.2,1.6,1.6,1.8,2.0,1.8,1.8,1.6,1.6,1.6,2.2,1.6,1.8,1.8,3.2,1.8,1.8,1.6,1.8,1.6,1.6,1.6,2.4,1.8,1.8,2.0,2.6,2.6
0839000486,30058122,9/18/2019,2.4,1.8,1.8,1.8,1.6,1.8,2.8,2.6,2.6,2.6,2.6,2.6,2.6,2.0,1.6,1.6,1.6,1.6,2.4,1.6,1.6,1.8,1.8,2.2,3.0,2.4,1.8,1.8,1.6,1.8,1.8,4.4,2.4,2.0,2.6,2.4,2.0,2.0,1.8,2.0,1.8,2.6,3.8,2.8,3.2,2.8,2.6,2.6
0839000486,30058122,9/17/2019,2.0,2.0,2.0,2.0,1.8,2.0,2.0,1.8,1.8,2.0,2.4,1.8,1.8,1.8,1.6,2.4,1.8,1.6,1.6,1.8,1.8,1.6,2.2,1.8,1.8,2.0,2.2,2.0,2.4,2.0,2.0,2.8,3.0,2.0,1.8,1.8,3.4,5.0,4.6,2.6,2.0,2.0,1.8,1.8,1.8,1.8,1.8,1.8
0839000486,30058122,9/16/2019,2.8,2.8,2.8,2.8,2.8,3.6,2.8,2.8,2.8,2.6,2.6,2.8,2.6,2.6,2.8,2.0,1.8,1.8,2.8,2.0,2.0,2.0,2.0,2.4,2.4,2.8,3.2,2.8,2.0,2.2,2.2,2.0,3.2,3.6,2.2,2.4,2.4,3.2,2.4,2.2,2.2,4.2,2.4,2.2,2.2,2.0,1.8,1.8
0839000486,30058122,9/15/2019,2.0,1.8,1.8,2.4,2.0,1.8,2.6,2.8,2.8,3.4,3.0,2.8,3.4,1.8,2.2,1.6,1.8,2.4,1.8,1.8,1.8,2.4,1.8,2.0,2.0,1.0,1.0,2.4,3.0,4.4,4.2,2.4,3.0,3.8,2.2,2.4,2.2,2.2,2.2,2.4,2.2,2.6,2.0,2.0,2.0,2.0,2.0,2.8
0839000486,30058122,9/14/2019,2.2,1.6,1.6,2.0,2.6,2.8,3.0,2.8,2.8,3.2,2.6,3.4,2.6,2.0,1.8,1.6,2.2,1.6,1.6,1.6,2.2,1.6,1.8,2.2,1.8,2.6,3.2,2.0,2.4,2.0,2.0,1.8,2.4,2.0,3.6,3.0,2.2,5.0,3.2,2.0,3.2,4.0,2.4,2.0,2.4,1.8,1.8,2.4
0839000486,30058122,9/13/2019,2.0,2.6,2.2,2.0,2.4,2.0,2.0,2.4,2.0,1.8,2.4,2.2,2.0,1.8,2.4,1.8,1.8,2.2,1.8,1.8,2.2,1.8,1.8,2.4,1.8,2.2,1.8,2.6,3.2,1.8,2.4,1.8,2.2,1.6,1.8,4.0,2.0,2.2,1.8,2.4,1.6,1.6,2.2,1.6,2.0,1.8,1.8,1.6
0839000486,30058122,9/12/2019,2.0,2.4,2.0,1.8,1.8,2.2,2.0,2.0,2.4,1.8,1.8,2.4,1.8,2.2,1.8,2.2,1.8,1.8,2.2,1.8,2.0,2.4,0.6,1.2,2.8,2.2,2.4,2.8,2.2,3.2,3.0,2.4,2.8,2.8,3.6,2.6,3.0,2.4,3.0,2.4,2.4,3.0,2.4,2.2,2.6,2.2,2.2,2.6
0839000486,30058122,9/11/2019,1.8,1.8,2.0,1.8,2.6,3.0,3.6,2.8,3.0,4.4,2.8,3.4,2.4,1.6,1.6,1.8,2.2,1.6,1.8,1.8,1.8,2.0,2.6,2.2,2.0,2.0,2.2,2.8,2.0,2.0,2.2,2.0,2.0,2.2,2.6,2.0,2.0,2.0,2.8,2.6,3.2,2.6,2.6,2.8,2.0,2.0,2.4,2.0
0839000486,30058122,9/10/2019,1.6,1.6,1.8,1.8,1.8,1.6,2.2,1.8,1.6,1.6,1.8,1.8,2.6,2.8,2.6,2.6,2.4,3.0,2.2,1.8,1.8,1.8,2.0,2.0,1.8,2.2,1.6,2.8,2.4,2.2,2.8,4.6,2.6,2.2,2.4,6.0,2.8,2.2,2.2,2.2,2.2,3.4,2.0,2.0,2.0,1.8,2.0,2.0
0839000486,30058122,9/9/2019,1.8,1.8,1.8,1.6,2.2,1.8,1.8,1.6,1.8,1.8,1.8,1.8,1.6,1.8,1.8,1.6,1.8,2.8,3.4,2.0,1.8,1.8,1.8,1.8,2.0,2.2,0.6,1.4,2.4,2.6,2.0,1.8,2.0,2.0,2.0,2.0,2.4,2.0,2.0,2.0,2.0,2.0,1.8,1.8,2.0,1.8,2.0,1.8
0839000486,30058122,9/8/2019,2.4,2.0,2.0,1.8,1.6,1.8,1.8,1.6,2.4,3.0,2.8,2.8,3.6,2.6,1.6,1.6,1.8,1.8,1.8,1.8,1.8,1.8,2.6,2.6,2.0,2.0,2.0,1.8,3.4,2.8,2.4,5.2,2.0,2.2,3.2,3.4,2.0,2.0,2.0,2.0,2.2,2.2,2.2,2.8,2.0,1.8,1.8,1.8
0839000486,30058122,9/7/2019,2.4,2.4,2.8,3.0,2.8,2.8,2.8,2.8,1.8,1.8,1.8,2.6,2.0,2.2,1.6,1.8,1.6,1.6,1.8,1.8,1.8,1.8,3.2,2.0,3.4,2.0,2.0,2.0,2.0,2.0,2.6,2.0,2.4,2.0,2.0,3.6,2.0,1.8,1.8,3.0,2.6,1.8,1.8,1.8,1.8,1.8,1.8,1.8
0839000486,30058122,9/6/2019,3.0,3.2,3.2,3.8,3.0,3.0,3.0,3.0,3.0,3.0,3.0,2.8,1.8,1.8,1.8,1.8,1.8,1.8,1.8,1.6,3.0,1.8,1.8,1.8,1.8,1.6,1.6,1.6,4.0,4.0,3.0,2.8,2.8,2.8,2.8,3.0,3.8,3.6,4.2,1.8,1.8,3.0,1.8,1.8,1.8,1.8,1.8,1.6
0839000486,30058122,9/5/2019,2.2,2.2,2.2,2.2,2.2,2.2,2.2,2.0,2.2,2.6,2.0,2.0,2.0,2.0,2.0,2.8,4.0,3.6,5.8,2.6,2.0,2.8,2.0,5.0,2.4,4.0,2.0,2.8,2.2,2.0,2.0,2.8,2.2,2.2,2.4,2.0,3.6,3.2,3.6,4.8,8.2,5.2,3.0,3.2,3.0,3.0,3.0,3.0
0839000486,30058122,9/4/2019,2.6,2.2,2.0,2.0,1.8,2.0,2.0,1.8,2.4,2.0,1.8,1.8,1.8,1.8,1.8,2.0,1.8,1.8,1.8,2.0,2.0,2.0,1.4,1.6,3.2,2.6,3.4,3.6,2.4,2.4,2.4,2.4,2.4,3.2,4.0,2.4,3.0,2.2,3.6,4.2,2.6,2.4,3.0,3.8,2.2,3.0,2.2,2.2
0839000486,30058122,9/3/2019,3.0,2.8,2.0,1.8,2.0,2.0,2.0,2.2,3.0,3.0,2.8,3.4,3.0,2.8,2.8,2.8,2.8,2.8,2.0,1.8,1.8,1.8,2.0,2.0,2.6,2.6,5.4,3.4,4.2,5.0,2.4,2.0,2.8,2.0,2.2,2.6,3.0,2.0,3.6,2.8,3.6,2.2,2.6,4.2,2.6,2.0,2.0,2.0
0839000486,30058122,9/2/2019,2.0,3.0,3.0,3.0,3.2,3.0,3.0,3.0,3.0,3.0,3.0,3.0,3.6,3.0,4.0,3.6,3.6,2.2,2.0,2.0,2.0,2.2,2.2,2.2,2.2,3.6,2.8,5.4,2.4,2.4,3.2,3.2,2.2,2.2,3.6,2.6,2.8,2.4,2.2,3.0,4.0,3.2,3.2,3.0,4.6,3.2,3.0,3.4
0839000486,30058122,9/1/2019,2.0,2.2,2.6,2.0,2.0,2.0,2.0,2.0,2.0,2.0,1.8,2.0,1.8,1.8,2.4,1.8,2.0,2.0,2.0,2.0,2.0,2.0,2.2,2.0,3.4,2.0,2.2,4.4,4.0,3.4,3.6,3.0,3.0,3.0,3.2,5.2,5.4,3.2,5.4,5.8,4.2,3.2,3.0,2.2,3.6,3.2,2.0,2.0
0839000486,30058122,8/31/2019,2.0,2.0,2.0,2.0,2.0,2.0,2.6,1.8,1.8,1.8,1.8,1.8,1.8,1.8,1.8,1.8,2.4,1.8,2.0,2.0,5.2,2.2,0.6,2.6,3.0,3.6,2.6,2.4,2.4,2.4,3.0,2.2,2.2,2.2,3.4,2.4,2.2,2.6,4.4,3.0,2.2,2.2,2.4,2.0,3.8,2.8,2.0,2.0
0839000486,30058122,8/30/2019,1.8,2.2,2.2,2.4,2.2,2.8,2.8,2.8,2.8,2.8,2.8,2.6,2.6,2.6,1.8,2.4,1.8,1.8,1.8,1.8,2.4,2.0,0.6,1.4,3.0,3.6,3.0,2.2,2.2,2.4,2.4,2.2,2.6,2.6,2.8,2.2,4.0,3.2,2.6,4.2,2.2,2.2,4.2,2.4,2.0,2.0,3.2,2.0
0839000486,30058122,8/29/2019,3.0,2.8,2.8,2.8,2.8,2.8,2.8,2.8,2.8,2.8,3.2,2.8,2.8,2.4,1.8,1.8,1.8,2.4,2.4,1.8,1.8,2.4,2.2,1.6,0.6,3.0,2.0,2.0,2.6,3.4,2.2,2.0,2.8,2.2,3.2,2.2,2.0,1.8,3.6,2.0,3.8,3.4,4.4,3.4,2.4,2.0,1.8,1.8
0839000486,30058122,8/28/2019,3.0,2.0,1.8,1.8,1.8,1.8,1.8,2.8,3.4,2.6,1.8,1.8,1.8,1.8,1.8,1.8,1.8,1.8,1.8,2.4,1.8,1.8,1.8,1.8,2.6,2.0,3.2,1.8,2.0,2.0,1.8,1.8,2.0,2.0,2.6,1.8,1.8,3.8,3.8,2.2,2.0,2.2,3.0,5.0,3.0,2.8,3.4,3.4
0839000486,30058122,8/27/2019,1.8,1.8,1.6,1.8,1.8,2.2,1.6,1.8,1.8,2.6,2.8,3.8,2.8,2.6,2.6,2.8,2.8,2.8,3.4,5.8,4.0,6.0,3.0,3.0,3.0,1.8,3.0,2.2,2.0,1.8,2.2,2.0,2.6,2.8,2.8,1.8,1.8,5.0,2.0,2.0,1.8,3.6,2.0,1.8,1.8,1.8,2.0,2.4
0839000486,30058122,8/26/2019,2.0,2.0,1.8,1.8,2.4,1.8,1.8,1.8,1.8,1.8,1.8,1.8,1.8,1.8,1.8,1.6,1.6,1.8,1.8,1.8,4.2,2.0,2.0,2.2,2.6,2.0,1.8,5.4,3.2,1.8,1.8,2.6,1.8,2.0,3.6,2.6,3.4,6.2,5.2,3.0,2.4,2.8,2.2,3.0,2.6,2.0,1.8,2.4
0839000486,30058122,8/25/2019,1.8,1.8,1.8,1.8,1.6,1.6,1.8,2.2,2.0,1.6,1.6,2.0,1.6,2.4,2.2,1.8,1.8,1.6,1.8,1.8,1.8,1.8,1.8,3.2,2.0,1.8,1.8,2.8,1.8,2.0,2.8,2.0,2.0,2.0,3.2,2.0,1.8,2.2,3.8,2.0,3.6,2.8,3.8,1.8,1.8,1.8,2.6,1.8
0839000486,30058122,8/24/2019,2.8,2.8,2.6,2.8,2.8,2.6,3.2,2.6,2.8,2.8,2.6,2.6,2.6,3.2,3.2,2.6,2.6,2.4,1.8,1.8,1.8,1.8,2.6,2.6,2.0,3.0,3.8,2.0,1.8,1.8,2.6,2.0,1.8,2.8,2.8,1.8,1.8,3.2,2.4,2.0,3.0,3.8,4.0,2.4,2.0,1.8,1.8,1.8
0839000486,30058122,8/23/2019,3.4,2.0,2.0,2.0,2.0,2.2,2.0,2.0,2.0,2.0,2.2,2.0,2.0,3.0,3.0,4.4,2.4,2.6,2.0,2.0,2.0,2.0,1.8,1.8,2.6,2.6,1.8,3.4,2.6,2.8,1.8,2.0,1.8,2.0,3.2,2.0,1.8,1.8,2.8,3.8,2.0,1.8,1.8,4.2,2.4,2.0,4.0,2.8
0839000486,30058122,8/22/2019,2.2,2.0,2.8,2.0,2.0,2.0,2.0,2.0,2.8,3.8,2.4,2.0,2.0,2.0,2.0,2.0,2.2,2.0,2.6,2.2,2.2,2.4,2.8,3.0,2.4,2.4,2.6,3.4,2.4,2.4,2.4,3.6,4.8,2.6,2.8,3.8,2.4,2.4,3.2,4.8,3.2,2.6,2.4,2.2,2.2,2.2,2.0,2.2
0839000486,30058122,8/21/2019,2.0,2.2,2.0,2.0,2.0,2.0,2.0,2.0,2.0,2.0,3.4,2.2,1.8,2.0,2.0,2.0,2.0,2.2,2.0,2.0,2.8,3.0,2.4,2.4,2.4,2.4,3.4,2.6,2.2,2.4,3.4,2.8,2.8,2.8,4.2,2.6,3.0,3.8,2.2,2.2,3.2,3.6,2.4,2.2,2.0,2.0,2.8,2.4
0839000486,30058122,8/20/2019,2.0,2.0,2.0,2.0,2.2,2.2,2.0,2.0,2.6,2.2,5.4,3.4,3.0,3.6,3.0,4.4,2.2,2.2,2.2,2.2,2.2,3.0,2.4,2.8,2.6,2.4,3.6,5.2,2.6,2.6,5.0,5.6,3.0,2.6,2.4,3.4,3.6,2.4,2.8,2.2,3.4,3.4,2.0,2.0,2.0,2.0,2.0,2.6
0839000486,30058122,8/19/2019,2.0,2.2,2.2,2.2,2.2,2.2,3.0,3.2,3.0,3.0,3.0,3.2,3.0,3.0,3.0,3.2,3.0,2.0,2.0,2.2,2.2,2.2,3.2,3.0,2.4,2.4,5.4,2.6,3.4,2.4,4.0,5.0,3.0,2.8,3.0,2.2,2.2,4.2,4.4,2.4,6.0,4.0,2.4,2.2,2.2,2.4,2.2,2.8
0839000486,30058122,8/18/2019,2.2,2.0,2.0,2.6,2.2,2.0,2.0,2.0,2.0,2.0,2.0,2.0,3.0,3.0,3.0,3.0,3.6,3.0,2.2,2.0,2.2,2.8,2.6,2.4,2.4,2.4,2.6,3.8,2.4,2.2,2.2,2.2,2.2,2.2,3.2,3.0,2.6,2.2,3.8,3.0,4.6,4.4,4.0,4.0,2.2,2.2,2.2,2.2
0839000486,30058122,8/17/2019,2.0,2.2,2.0,2.0,2.0,2.4,3.0,3.2,3.0,3.0,3.0,3.0,3.0,3.8,2.6,2.0,2.0,2.0,2.0,2.2,2.2,2.8,2.2,2.2,3.0,2.4,2.4,3.4,5.0,3.2,3.2,4.0,6.2,4.0,4.4,3.2,4.4,5.4,3.0,2.6,2.4,3.6,2.6,5.6,2.4,2.0,2.0,2.2
0839000486,30058122,8/16/2019,3.0,3.0,3.0,3.0,3.0,3.0,3.0,3.0,3.0,3.4,3.0,5.0,3.4,2.0,2.0,2.0,2.0,2.0,2.0,2.6,2.0,2.8,2.0,2.0,2.0,2.0,2.6,3.8,3.2,5.2,3.0,3.8,3.0,2.2,3.6,2.2,3.0,2.6,4.2,2.4,2.4,4.6,5.0,3.4,3.2,3.0,3.0,3.4
0839000486,30058122,8/15/2019,2.0,2.2,2.0,2.0,2.6,2.0,2.0,2.0,2.0,2.0,2.0,2.0,2.0,2.0,2.0,2.0,2.0,2.0,2.6,2.0,2.0,2.0,2.0,2.2,2.8,2.2,3.2,2.4,2.2,2.2,2.2,2.2,4.0,3.0,3.4,3.0,5.4,3.4,6.0,3.2,3.8,5.0,3.2,3.0,3.2,3.8,3.2,3.2
0839000486,30058122,8/14/2019,3.6,3.0,2.4,2.0,2.0,2.0,2.0,3.0,3.0,3.0,3.8,2.0,2.0,2.0,2.0,2.0,2.0,2.0,2.0,2.0,2.8,3.0,2.2,2.2,2.2,3.8,3.0,2.8,2.2,2.2,2.2,2.4,3.6,2.4,4.0,2.4,2.0,3.8,2.6,2.4,2.2,2.2,2.2,4.2,3.0,2.2,2.0,2.0
0839000486,30058122,8/13/2019,5.0,2.6,2.2,2.2,2.2,2.2,2.2,2.2,2.2,2.2,2.2,2.6,2.0,2.6,3.2,4.4,2.8,2.0,2.0,2.0,2.0,3.4,2.0,2.0,2.0,2.2,5.0,5.4,3.4,5.8,3.6,3.2,3.2,4.0,4.6,4.2,3.8,4.4,4.6,5.0,2.8,4.8,2.4,2.8,3.2,3.0,3.0,3.0
0839000486,30058122,8/12/2019,3.0,3.0,3.0,2.8,2.8,2.8,3.0,3.4,2.8,2.8,2.8,3.0,3.0,3.0,2.8,3.0,1.8,1.2,0.6,2.8,2.0,2.0,2.6,3.2,0.6,1.2,2.4,3.2,3.6,2.4,2.2,2.6,3.6,2.4,4.8,3.2,2.6,3.4,2.6,2.6,2.8,5.0,2.4,2.2,2.2,2.4,2.2,3.0
0839000486,30058122,8/11/2019,2.8,2.0,2.0,2.0,3.0,3.0,2.8,2.8,2.8,2.8,2.8,2.8,3.0,1.8,1.6,1.8,1.8,1.8,1.8,2.6,2.0,2.0,2.0,1.6,0.6,2.8,3.6,2.4,2.2,2.2,2.8,3.8,2.2,2.2,2.2,2.0,2.2,4.2,4.8,3.0,2.2,3.2,4.4,3.8,4.2,2.6,3.0,3.0
0839000486,30058122,8/10/2019,2.0,2.0,2.0,3.0,2.2,3.0,4.2,2.8,2.8,3.0,2.8,2.8,3.6,4.4,2.2,1.8,1.8,1.8,2.6,2.0,1.8,3.6,2.0,2.4,2.6,2.0,2.0,2.0,1.8,2.0,2.0,2.0,2.0,2.0,3.6,2.2,2.0,2.0,3.8,2.0,2.0,4.2,2.4,2.2,2.2,2.2,2.2,2.2
0839000486,30058122,8/9/2019,2.0,2.0,2.4,2.2,2.0,2.0,2.0,2.0,2.2,2.6,2.0,2.0,2.0,2.0,2.0,2.0,2.0,2.6,2.0,2.2,3.4,2.2,3.4,2.2,2.2,2.2,2.2,2.2,2.2,2.0,2.2,2.2,3.2,2.4,2.8,3.0,2.0,2.0,3.6,2.2,2.2,4.4,2.4,2.2,2.0,2.0,2.2,2.0
0839000486,30058122,8/8/2019,3.0,3.0,3.0,3.8,3.0,3.0,3.0,3.0,3.0,3.0,3.0,3.0,3.0,3.6,2.4,2.0,2.2,2.2,2.2,2.2,2.2,2.8,3.8,2.4,3.6,2.4,2.2,2.2,2.4,2.2,2.2,2.8,2.4,3.4,2.2,3.4,4.4,2.4,2.4,6.4,4.4,5.8,3.2,3.2,3.2,3.2,3.2,2.8
0839000486,30058122,8/7/2019,3.2,3.6,3.2,3.4,3.2,3.2,3.0,3.0,3.2,3.2,3.2,3.0,3.0,3.8,5.0,2.4,3.2,2.6,2.2,2.2,2.2,2.2,2.2,2.6,2.6,3.8,5.2,3.4,3.4,2.4,2.4,3.4,2.6,4.4,4.4,2.2,2.6,4.0,2.2,2.2,2.2,4.6,2.4,2.0,2.0,3.6,3.0,3.2
0839000486,30058122,8/6/2019,3.2,3.0,3.6,3.0,3.2,3.0,3.0,3.0,3.0,3.0,3.0,3.0,3.0,3.4,3.0,3.0,3.0,3.0,2.8,2.6,2.2,2.2,1.2,0.8,2.6,2.4,3.8,5.2,5.0,3.6,2.4,2.4,2.4,3.2,4.6,3.6,2.4,2.4,6.4,5.4,2.4,4.4,3.2,2.2,2.0,3.0,3.0,3.2
0839000486,30058122,8/5/2019,2.4,2.2,2.0,2.4,2.0,2.0,2.0,2.0,2.0,2.0,2.6,5.2,4.0,6.0,3.4,3.0,2.2,2.0,2.0,2.0,3.4,2.2,4.0,2.2,2.2,2.2,2.2,2.2,2.0,2.0,2.8,2.2,3.2,2.2,2.2,2.4,3.8,2.2,2.6,2.6,2.2,4.4,6.2,3.2,3.2,3.2,3.2,3.2
0839000486,30058122,8/4/2019,3.2,2.6,2.2,2.2,2.4,2.2,2.6,2.0,2.0,2.4,3.0,3.2,3.2,3.2,6.0,3.4,4.4,4.0,2.4,2.0,2.2,3.0,2.4,2.2,2.2,2.2,3.2,2.4,4.0,2.4,2.2,2.4,2.4,2.6,2.6,2.2,2.4,3.6,2.2,3.4,4.2,4.2,3.2,3.4,3.4,3.2,3.2,3.0
0839000486,30058122,8/3/2019,3.0,3.0,3.0,3.0,3.0,3.2,3.0,3.0,3.0,3.0,3.0,3.2,3.8,4.6,2.6,2.0,2.0,2.8,2.2,2.2,2.2,2.2,2.2,2.2,2.2,2.2,3.6,3.0,6.0,2.6,2.4,2.2,2.2,3.2,5.4,3.0,3.0,6.0,2.2,2.2,3.0,2.8,3.6,3.0,4.4,4.0,3.2,3.2
0839000486,30058122,8/2/2019,2.2,3.0,2.4,2.2,2.2,2.4,2.6,2.2,2.0,2.0,2.0,2.0,2.4,2.4,2.6,1.8,1.8,1.8,2.0,1.8,2.0,2.0,2.0,2.2,2.8,2.4,2.6,3.4,2.2,2.2,2.2,2.2,2.2,2.8,2.4,2.2,2.2,5.2,5.4,2.4,5.6,3.6,3.6,3.2,3.2,3.0,3.6,3.0
0839000486,30058122,8/1/2019,2.2,3.4,3.2,3.2,3.0,3.0,3.0,3.0,3.0,3.0,2.8,2.8,3.0,3.6,2.8,2.6,2.0,2.0,2.0,2.0,2.2,2.2,2.6,2.8,3.0,3.4,2.2,2.2,2.2,2.2,2.2,4.8,2.6,6.6,4.8,3.2,3.0,2.2,2.2,2.2,2.2,3.6,5.4,3.6,2.2,2.2,2.2,2.2
0839000486,30058122,7/31/2019,2.8,2.2,2.2,2.0,2.0,2.0,2.0,2.0,2.0,2.6,2.0,2.2,2.2,2.0,2.0,2.6,2.6,4.4,2.2,2.2,2.8,2.2,2.2,2.2,2.2,5.0,2.6,3.0,3.4,2.2,3.0,2.2,2.2,2.2,2.4,2.2,2.4,7.0,5.0,4.0,3.2,4.0,3.4,2.0,2.2,2.2,2.2,2.2
0839000486,30058122,7/30/2019,2.2,2.2,2.0,2.2,2.2,2.0,2.0,2.0,2.8,2.0,2.2,2.0,2.0,2.0,2.0,2.8,2.0,2.0,2.0,2.2,2.2,2.2,3.0,2.6,2.4,3.6,2.4,2.6,2.4,3.0,4.2,2.6,3.6,2.4,2.4,3.6,6.6,4.2,4.2,2.6,3.6,3.2,2.2,3.2,2.4,2.2,2.2,2.2
0839000486,30058122,7/29/2019,3.0,2.2,2.2,2.2,2.2,2.2,2.4,3.2,3.2,3.0,3.0,3.0,3.6,3.0,3.0,2.2,2.0,2.2,2.8,2.2,2.4,2.2,2.2,2.4,2.4,2.4,3.0,3.0,3.0,2.4,2.4,5.2,2.4,2.4,3.0,2.8,3.4,2.4,2.4,5.0,2.6,4.0,4.2,5.4,3.2,2.2,2.2,2.2
0839000486,30058122,7/28/2019,2.2,2.4,2.8,2.2,2.0,2.2,2.0,2.0,2.0,2.0,2.0,2.2,2.0,2.6,2.0,2.6,2.0,2.4,2.2,2.2,2.4,2.4,2.6,2.4,2.4,3.0,2.8,2.8,4.2,5.6,3.4,2.6,2.8,2.4,2.4,2.4,3.2,5.8,2.4,2.2,4.0,3.4,3.4,3.4,4.4,4.6,2.8,2.4
0839000486,30058122,7/27/2019,2.0,2.6,2.2,2.0,2.0,2.2,2.0,2.6,2.8,2.8,2.8,3.0,2.8,3.4,2.8,2.8,3.0,3.0,2.2,2.2,2.2,5.4,2.8,2.4,2.4,2.4,3.0,2.6,4.4,2.4,2.4,2.4,2.4,2.4,2.8,5.0,4.0,4.4,4.6,2.4,3.4,2.6,3.0,2.2,2.8,2.2,2.2,2.2
0839000486,30058122,7/26/2019,2.0,2.0,2.6,2.0,2.0,2.0,1.8,1.8,2.0,2.0,2.0,2.0,2.0,2.0,2.0,2.0,2.6,2.0,2.0,2.2,2.0,2.0,2.2,0.8,2.0,3.2,2.4,3.4,2.4,2.4,2.4,2.2,2.4,2.4,3.6,3.0,2.4,4.6,2.4,3.4,2.4,3.2,5.0,3.2,2.2,2.2,2.2,2.0
0839000486,30058122,7/25/2019,3.8,2.8,2.8,2.8,2.8,3.0,2.0,1.8,1.8,1.8,1.8,1.8,2.6,1.8,1.8,1.8,1.8,1.8,2.0,1.8,1.8,2.0,2.6,2.2,2.2,4.8,3.2,2.0,2.0,2.0,2.2,3.2,2.0,3.0,2.4,3.0,2.2,2.2,3.6,2.2,2.2,3.0,3.0,2.4,2.0,2.0,2.0,2.0
0839000486,30058122,7/24/2019,2.0,2.6,2.0,3.0,3.2,3.0,3.8,3.0,3.0,3.0,3.0,3.0,3.2,1.8,1.8,1.8,2.0,1.8,1.8,1.8,2.0,2.0,2.0,2.6,2.0,2.6,2.0,3.0,1.8,2.0,2.2,2.2,3.0,4.4,3.4,2.2,2.0,3.4,2.0,2.0,2.0,3.0,2.8,3.6,4.8,2.8,2.6,2.8
0839000486,30058122,7/23/2019,2.2,2.0,2.0,2.0,2.0,2.0,2.6,2.0,2.0,2.0,2.0,2.0,2.0,2.6,2.0,2.8,3.6,1.8,1.8,1.8,2.0,2.6,2.0,2.0,2.2,2.6,3.4,4.0,2.8,2.0,3.0,3.2,4.4,5.8,3.2,3.8,3.0,3.0,6.4,3.2,3.2,4.0,5.0,3.0,3.0,3.0,2.6,2.0
0839000486,30058122,7/22/2019,2.2,2.2,2.2,2.4,2.2,2.0,2.2,2.2,2.2,2.2,4.4,3.0,2.2,2.0,2.0,2.0,3.4,3.4,2.4,4.6,3.2,2.6,3.0,2.4,3.2,3.0,3.4,2.6,2.4,2.4,2.6,2.6,2.4,2.4,2.8,4.4,2.8,3.8,4.8,4.4,3.6,2.2,2.0,2.2,4.0,2.2,2.8,2.0
0839000486,30058122,7/21/2019,2.4,2.4,2.4,3.2,2.4,2.2,2.2,2.4,2.2,2.2,2.2,2.2,2.4,3.4,3.8,2.4,2.2,3.2,2.2,2.4,2.4,2.6,2.4,2.4,2.6,4.4,3.8,6.0,7.8,2.8,3.8,3.4,2.6,2.6,2.6,2.6,5.0,3.0,3.8,3.8,2.6,4.2,5.0,2.2,2.2,2.2,3.0,2.2
0839000486,30058122,7/20/2019,2.4,2.4,2.8,2.4,2.4,2.2,2.2,2.2,2.2,2.2,2.2,2.2,3.0,2.4,2.2,2.2,2.2,2.4,2.4,2.4,2.4,2.4,3.0,2.6,2.4,2.4,3.2,3.8,2.4,2.8,2.8,3.8,2.8,3.2,3.4,2.6,3.2,2.8,2.6,2.6,2.6,3.8,2.6,4.2,5.0,4.4,2.4,2.4
0839000486,30058122,7/19/2019,2.6,3.4,3.8,3.2,3.4,3.2,3.2,3.2,3.2,3.2,3.2,2.8,5.2,2.4,2.2,2.2,3.0,2.2,2.2,2.4,2.4,5.0,2.4,2.4,2.4,4.0,2.8,2.6,3.8,2.8,2.6,3.4,2.6,2.6,3.2,4.0,2.8,2.6,3.2,2.6,3.6,3.0,3.0,4.0,2.4,2.4,2.2,2.2
0839000486,30058122,7/18/2019,2.2,2.4,2.2,2.2,2.2,2.2,2.2,2.0,2.0,2.2,3.0,2.2,2.0,2.0,2.0,2.6,2.2,2.2,2.2,2.2,2.2,2.4,2.2,2.2,2.2,2.2,3.0,3.8,2.4,2.2,3.4,4.2,2.6,2.4,6.4,3.0,3.0,3.2,4.2,7.0,2.4,2.4,4.4,3.2,2.4,2.4,2.2,2.2
0839000486,30058122,7/17/2019,2.8,2.2,3.0,2.4,2.2,4.2,2.2,2.8,2.0,2.2,2.2,2.0,2.8,2.2,2.2,2.0,2.2,2.2,2.8,2.2,2.2,2.4,2.6,2.4,2.4,2.4,3.8,5.2,4.2,2.6,2.6,2.4,3.4,2.6,2.8,3.4,4.0,2.4,2.2,2.2,3.0,2.2,2.4,3.4,3.4,2.8,2.8,2.4
0839000486,30058122,7/16/2019,3.0,2.2,2.2,2.2,2.2,2.2,2.4,2.2,2.2,2.4,2.6,2.0,2.2,2.2,2.2,2.0,2.0,2.2,2.2,2.2,2.2,2.4,2.4,2.4,2.4,2.6,3.6,3.0,3.8,2.6,3.6,2.4,2.4,2.4,2.8,3.2,2.6,2.8,4.6,3.6,2.6,3.6,3.8,5.6,2.4,2.2,2.2,2.4
0839000486,30058122,7/15/2019,3.8,3.2,3.4,3.8,3.2,3.4,3.2,3.2,3.2,3.0,3.0,3.2,3.0,3.0,3.6,2.8,2.2,2.0,2.0,2.0,2.2,2.2,2.2,4.4,3.2,2.4,3.2,4.2,2.4,2.6,3.0,2.4,2.4,2.4,3.6,2.4,2.2,3.6,4.8,3.0,2.4,2.4,2.2,2.2,3.6,3.4,2.2,2.2
